feature1,feature2,is_outlier,dataset_id
-0.5634129043783718,-0.3653388764324124,0,0
-0.1823467721958427,0.07835192763618198,0,0
-0.6671292357013767,-0.6733587528987777,0,0
0.0996500984482326,-0.025301770480832948,0,0
1.081617974640345,0.668263974718196,0,0
-0.5786776295954268,-0.15614612556284665,0,0
-0.13783526728027848,-0.3548639829234441,0,0
-0.1545572223858544,-0.11673333077184636,0,0
-0.8069489237789758,-0.10637014010698435,0,0
-0.8163172631172476,-0.783883862154227,0,0
-0.09252683550467077,-0.40382424380817783,0,0
-0.21757677586081872,0.9246318642396709,0,0
0.36454528108876844,0.06449145537870533,0,0
0.9614710132401924,0.7402573957172122,0,0
0.38570297433842277,0.5147194143913836,0,0
0.42896196214616816,0.5705509333287867,0,0
1.1348773119938038,-0.7271828372993824,0,0
0.5697003422716503,-0.6174129101768263,0,0
0.2011708205887745,-0.3424050454701566,0,0
-1.1443100200072642,0.1257422075107685,0,0
-0.23342277302638126,-0.7084530565631297,0,0
-0.34728392986568274,-0.07481727016383538,0,0
0.7470395365788031,-0.10257913188290044,0,0
-0.19761449132717718,-0.5797102581999565,0,0
0.7663896071792288,0.7346793849501425,0,0
-0.19366340870397614,-0.15115137528766778,0,0
-0.3439188055143412,-0.6070387015470603,0,0
0.072021785580439,0.7271367534814875,0,0
-0.9681399029232535,0.09438929839691428,0,0
0.18541250064055104,0.07103090259361783,0,0
0.43129800566422555,-1.3278095464874664,0,0
-0.32614679996750956,-0.26059465615055544,0,0
-0.3820719619532215,-0.7188957369007892,0,0
0.5940148961761509,0.1584713059624248,0,0
-0.20680949037987367,-0.3737274057203789,0,0
0.5481734228328993,-0.11710790067226827,0,0
0.21312936538905047,0.3384540175151228,0,0
-0.06685077983421958,0.5388719029881314,0,0
0.30703968517304014,0.4611033357832634,0,0
0.5893897855798254,-0.08996241790617546,0,0
0.149119087103028,0.6631929483435152,0,0
-0.43061284252735127,0.9550324765495168,0,0
-0.15577626606368633,0.02808267111487272,0,0
1.129654475345426,-0.021128575830321347,0,0
0.10413748903843015,0.4883195182418564,0,0
0.19800335633082264,-0.5465307543652529,0,0
-0.36978149819565664,0.7715072977033679,0,0
-0.4779725002463885,-0.17299088784969321,0,0
-0.2554025687844365,-0.590316092061206,0,0
-0.9215347750783243,-0.23898700202024334,0,0
0.13996229952161912,-0.04907519482147897,0,0
0.5498297979435566,0.3276318653612989,0,0
-0.3179230391894405,0.33821664747324987,0,0
-0.32620429119351,-0.19547668759380055,0,0
0.882026172983832,0.20007860418361165,0,0
-0.6263976800249631,0.38874517791595503,0,0
0.15653385082545068,-0.4270478696508624,0,0
-0.58656170255708,0.9718105928246463,0,0
0.14317184444613978,0.3044219172377254,0,0
-0.065053477096852,0.04697661469278436,0,0
-0.13386676844698323,-0.5640056657350034,0,0
0.3858952756068337,0.4117520769818657,0,0
0.43791638079366546,-0.05755373424361336,0,0
-0.35980219427589644,-0.40649649427703866,0,0
-0.3362302238879755,-0.17977658077027064,0,0
0.13725817886196975,-0.44545754149776395,0,0
0.01931527592009405,-0.8283575511609769,0,0
-0.3187185127761145,-0.19863590716439883,0,0
0.0488624838574278,0.2914768398766468,0,0
-0.3460249238921956,0.7681885271228989,0,0
0.005250010360410239,0.8929352469529176,0,0
-0.4066821296021014,-0.733212163901257,0,0
0.31261572551359373,-0.8010288278033738,0,0
-0.008510206930720297,0.1895758677775409,0,0
0.7441260968977998,0.9479445880152916,0,0
0.08871307112687642,-0.20089046810413094,0,0
0.19136621500613407,-0.017121140265976935,0,0
0.6822659240512357,-0.3447245922749688,0,0
0.4284153059513456,-0.32551279665007343,0,0
0.33319154101595716,-0.23035989369427665,0,0
-0.4536491821916211,0.025972697898069476,0,0
-0.6579537052557606,-0.2307923024073545,0,0
-0.31404377982078946,-0.24051355923039386,0,0
-0.25482609087582675,-0.2190371508055932,0,0
-1.00820331389988,-0.2697273166872507,0,0
-0.15544308584923586,0.048700083134391704,0,0
-0.2514083503212691,1.2062268397718743,0,0
-0.29865803448268136,-0.1189608648680035,0,0
-0.1739560746630763,0.07817448455199003,0,0
0.17818319858720094,0.3532865840959741,0,0
-0.33716633032868804,0.01591527913717559,0,0
-0.0308132010478237,-0.05365263814558734,0,0
0.23283121986522992,-0.7681218431386119,0,0
-0.8490529097161272,0.1936402376975317,0,0
0.4072599112439332,0.02946279459081498,0,0
-0.6532634258676583,0.829065339809094,0,0
-0.5895789653188439,0.6507140358323804,0,0
0.06345604635180996,0.20099468172235083,0,0
-1.1277821147010947,-0.5112534218178018,0,0
0.07097658166038984,-0.1596642085725476,0,0
-0.05160942589677892,0.20529925096918616,0,0
-0.04296538348580636,0.09714646902288583,0,0
0.8694363387272555,0.49719719565774945,0,0
-0.10345183808198587,0.4400894560403911,0,0
-0.04922626221271615,-0.3317391431810537,0,0
-0.03412080266231562,0.8566713608246833,0,0
-0.5171214208922323,0.3407972591408135,0,0
0.3457693755350933,0.34737457182800296,0,0
0.38662648870129984,-0.5919403200966589,0,0
-0.32180920141644526,-1.1117015761122133,0,0
-0.5944296288920144,-0.25340817714934377,0,0
-0.5353763107552713,0.5272258634655683,0,0
-0.8842692253385154,0.17774089637188453,0,0
0.2605324382263793,-0.28789398490653306,0,0
-0.5242764825335463,-0.7100089685894876,0,0
-0.2714307380083589,0.20802502313071275,0,0
-1.3295861189983704,0.3031597621796904,0,0
0.6151453403638604,0.6011899243922056,0,0
0.022879258650723034,-0.0935919250129168,0,0
-0.35235013792811687,0.4716303624847474,0,0
0.8663605934595666,0.3422505534295952,0,0
-0.8779452917188597,0.22546723090295742,0,0
-0.1340016854756902,0.4012281978981976,0,0
0.38333159082254303,0.17814640873614446,0,0
-0.014091114169327434,0.21416593526520883,0,0
0.08333674768626452,0.3175157184460532,0,0
-0.3420054488686083,0.8297753980949361,0,0
-0.36279868923179215,-0.6916819776975277,0,0
-0.5226266830734774,0.6055726448413504,0,0
-0.4927553688420753,-0.7359175037317934,0,0
-0.4722231279591252,-0.20502484660127424,0,0
-0.0196414091137478,-0.5840467488705987,0,0
0.9415753485281272,-0.6738795305712232,0,0
-0.021085725645289467,-0.1434435961949538,0,0
0.7566640412866026,0.276566032103792,0,0
0.24687088867459422,-0.05805196951718326,0,0
-0.8531350953125063,0.9753876976158948,0,0
-0.7456287963528028,0.21969585063226846,0,0
-0.24901622534615245,0.9647660269084929,0,0
0.45508945404629597,0.15860910759565103,0,0
-1.2764949079170393,0.3268092977201803,0,0
-0.055270328616236306,0.5100863558578999,0,0
-0.21959476090107397,0.09066921460891064,0,0
-0.2204613161462957,-0.14017774759225454,0,0
-0.1997245146314376,0.18502794392375937,0,0
-0.5737343262055512,-0.21891002237221702,0,0
-0.406573141022227,-0.8631413011658384,0,0
0.33614737850621773,0.20373091812055522,0,0
-0.29932696846149304,-0.5579484929801972,0,0
-0.5001076736947824,-0.7723855483888058,0,0
0.5342546996580045,-0.22669290192569383,0,0
1.191572387431971,0.4722397434952069,0,0
-0.5825749203916782,0.45041324347709355,0,0
0.34688657634506626,-0.07978671907313345,0,0
-0.8150991734830223,0.2313911277628871,0,0
-0.1459186813739314,-0.38074610590581165,0,0
0.4893689920528696,1.120446599600729,0,0
0.3449090822673942,0.6509231147824992,0,0
0.46592418705715183,0.169982491900631,0,0
0.5501421691101869,0.6490109861631106,0,0
0.4344817434483977,0.13843595292306402,0,0
-0.007841055801277384,0.08046408414911149,0,0
0.5642970322572842,0.2480004731719811,0,0
0.4208156320368182,-0.12472929008047443,0,0
-0.37237741102421995,-0.4132192693295072,0,0
-0.3849580372226582,0.2696245956459086,0,0
-0.5090209376436824,-0.03892737797042538,0,0
0.32165723253146394,-0.7853117043167264,0,0
0.473625983886874,-0.0775050465454171,0,0
0.7599974303828864,0.8597946537080973,0,0
0.3931639810544881,-0.23320954836797153,0,0
-0.29815701922525406,-0.026283648134773144,0,0
-0.23443209398339782,-1.100720642750279,0,0
0.4747104034628804,0.04377562069259545,0,0
0.4002824017154984,0.039130087580830676,0,0
0.8240674661037798,0.08211387774366698,0,0
0.9779561541253471,0.19504666134396323,0,0
-0.4564111127220793,0.5585081440479265,0,0
0.4604294118904095,0.1593638264715106,0,0
0.033258611191583944,0.1512359488698907,0,0
1.151958348841971,-0.5300079113607736,0,0
-0.791469198667541,0.3051896895536026,0,0
-0.28465602673509255,0.13495217747038069,0,0
0.57616578239156,0.5398092960184105,0,0
0.18821276557781472,-0.5497003952920972,0,0
-0.25875952125520163,-0.48941492967938494,0,0
0.02474749082504537,0.24691838814047817,0,0
-0.45438162297952656,-0.21215881048895074,0,0
-0.4855522852222423,0.1574086022579119,0,0
-0.3171610468404818,-0.18137058299356906,0,0
0.1995231728200651,-1.386296378213325,0,0
0.3735941671023159,-0.594472477601868,0,0
0.16945206260797227,1.0105217807423987,0,0
-0.612717759415084,0.42218148820077356,0,0
-0.7232673497816939,0.40014897467001376,0,0
0.46475255573976404,0.29111229569896213,0,0
-0.5521916697142253,0.026082539630487202,0,0
0.140220852658148,-0.49656180546479034,0,0
-0.7120304544912658,-0.24665994168109703,0,0
-0.5780912159109564,0.3905990508549967,0,0
0.28829540830747047,-0.10414937778899744,0,0
-0.480252190816574,-0.3965586813538358,0,0
0.9337794802132849,0.45302232913769264,0,0
-0.39131457791376256,-0.055194649513443876,0,0
0.2836451389263347,-0.11133755025757724,0,0
-1.0153422338907472,1.0322464306796597,0,0
0.0782532689826878,0.11609051810013789,0,0
-0.17372532624928164,-0.2906342384301626,0,0
0.2287078031104954,-0.4823060068668642,0,0
-1.0473015356030724,0.06186095711675329,0,0
0.320065763048796,-0.8084780221554172,0,0
-0.23982790700397383,0.31017914917175626,0,0
0.22193161637271283,0.16683716368713342,0,0
0.7472422722456844,-1.0349925125067663,0,0
-0.012163062199467818,-0.36901545460284435,0,0
0.349228574553668,0.00188544454313467,0,0
-0.07883350808190795,1.1283617486491047,0,0
0.5633179610532535,-0.5399657541817117,0,0
0.07747371284845815,0.18908125980108678,0,0
0.7332893577870888,0.426275969730616,0,0
-0.06644028879347781,-0.14889543970086416,0,0
0.2619455119171028,0.044211043522330705,0,0
0.9337789950749837,-0.4886389399382055,0,0
-0.19243990459063773,0.047175794658537,0,0
-0.1545064845235611,-0.8380019031649883,0,0
0.2892607488644392,0.174827228496587,0,0
-0.17699695562674198,-0.6874756467090094,0,0
0.4750442087627947,-0.07567860414884894,0,0
0.4107928560248979,0.002646323149680427,0,0
-0.05908202256428488,-0.3400891019984252,0,0
-0.4438928738150564,-0.9903982341119635,0,0
-0.6352424992428668,0.4846983540790056,0,0
-0.4353985745909409,-0.28942483238220773,0,0
-0.40170483208692054,-0.34477488887510027,0,0
-0.22776625175867157,0.008739579512528364,0,0
0.3805188625734967,0.06083750824641421,0,0
-0.20158847348658981,0.6112225351912137,0,0
-0.6464284548617243,0.13352543467459146,0,0
-0.5149676416544883,-0.17497168229455237,0,0
-0.4477332805968378,0.193451248929631,0,0
-0.5273142319925069,0.4101239186623406,0,0
1.3481120262817898,-0.03696233314020757,0,0
-0.7703985072223124,0.031630997100165856,0,0
-0.06797485033916041,0.5684456813013476,0,0
0.6595684381507878,-0.4412094092749593,0,0
0.26163833026587685,-0.08577316561112405,0,0
-0.3292764834025019,-0.2571169829699944,0,0
0.43221809942975287,-0.37108251020322097,0,0
0.23156516465930355,0.1395478821962267,0,0
-0.2317979873230471,0.2407407368867311,0,0
-0.17671587437859954,-0.8082370943255163,0,0
-0.1845909189712218,-0.1196895887879632,0,0
-0.09532674679069968,-0.19742475701672516,0,0
0.4715230436612589,-1.3698385835947782,0,0
-0.022851980330117427,0.11025382787858665,0,0
-1.50551857383165,5.408571676918994,1,0
2.7839273017368615,1.1839018103644392,1,0
-4.127776314690761,-4.128065755965569,1,0
-5.302996653981607,4.394113749299223,1,0
1.213380140918506,2.4968709335525467,1,0
-5.752986068450371,5.638918225943932,1,0
3.98931168960506,-3.451930671860686,1,0
-3.8181003935147926,-3.799145881758794,1,0
-2.3490930844855473,0.29707717958685365,1,0
-0.8166597762946104,-2.505250317623497,1,0
1.3422347366685532,-4.326073672175498,1,0
-2.494264217577382,-1.6036578804756996,1,0
-0.5271601893955689,3.4221115367161623,1,0
-3.603914614099683,0.17081326096333882,1,0
1.1089748263445092,-5.442595047360028,1,0
1.2905382228172604,-3.9537105157525017,1,0
-5.219380884176646,5.386626447039999,1,0
5.587584396894712,3.700768177397533,1,0
-2.3446347699195518,-4.827934631923394,1,0
2.210796318145883,-0.7181700751247844,1,0
-4.535541181862654,-0.057877078664757775,1,0
-5.587337746617379,4.911844824945385,1,0
-2.894640220799797,1.9502674122477837,1,0
-2.2594670869270685,0.24081625413372976,1,0
0.5605233521193558,-3.7817465336936755,1,0
5.635015533174702,3.3015938803333746,1,0
5.273987298770269,4.7379282051317855,1,0
1.1747997457330221,5.062490820277402,1,0
-4.9380899753769665,-3.6482056509702576,1,0
-5.457272533073543,-2.096036030840828,1,0
-1.3358725237262163,-2.743811618713249,1,0
3.944850109823152,-1.718960079676929,1,0
-2.628785883751431,0.5123529978989811,1,0
-4.308909300302848,3.626363769048476,1,0
-5.10539227584275,5.8426432392062075,1,0
3.26693723155989,-3.615411821589931,1,0
-5.933734594516771,3.7855371414580095,1,0
2.4822881261714045,2.748086016491847,1,0
3.2552441602313493,-5.111464179190916,1,0
-1.6984112574687291,-4.609571285698443,1,0
4.357241110507122,1.479577521930695,1,0
-2.0292237017682098,-5.237299796567717,1,0
-2.2682121394120536,-2.0978001356790354,1,0
2.7552741400567697,1.650689656262557,1,0
4.6465529109159185,-0.3334208980566089,1,0
-2.5634129043783718,-2.3653388764324124,0,1
-2.1823467721958427,-1.921648072363818,0,1
-2.6671292357013767,-2.6733587528987774,0,1
-1.9003499015517673,-2.025301770480833,0,1
3.081617974640345,2.668263974718196,0,1
-2.578677629595427,-2.1561461255628465,0,1
-2.1378352672802783,-2.354863982923444,0,1
-2.1545572223858542,-2.1167333307718463,0,1
1.1930510762210242,1.8936298598930157,0,1
-2.8163172631172477,-2.783883862154227,0,1
-2.0925268355046707,-2.403824243808178,0,1
1.7824232241391813,2.9246318642396707,0,1
2.3645452810887684,2.0644914553787053,0,1
2.9614710132401925,2.740257395717212,0,1
-1.6142970256615772,-1.4852805856086164,0,1
-1.5710380378538318,-1.4294490666712134,0,1
3.1348773119938036,1.2728171627006177,0,1
2.5697003422716502,1.3825870898231738,0,1
2.2011708205887746,1.6575949545298434,0,1
-3.1443100200072642,-1.8742577924892314,0,1
-2.233422773026381,-2.7084530565631297,0,1
1.6527160701343173,1.9251827298361646,0,1
2.747039536578803,1.8974208681170996,0,1
-2.1976144913271773,-2.5797102581999565,0,1
2.766389607179229,2.7346793849501427,0,1
1.8063365912960239,1.8488486247123321,0,1
-2.343918805514341,-2.60703870154706,0,1
2.072021785580439,2.7271367534814877,0,1
-2.9681399029232534,-1.9056107016030857,0,1
-1.8145874993594489,-1.9289690974063822,0,1
-1.5687019943357745,-3.327809546487466,0,1
-2.3261467999675096,-2.2605946561505554,0,1
-2.3820719619532214,-2.718895736900789,0,1
2.5940148961761507,2.1584713059624248,0,1
1.7931905096201264,1.6262725942796212,0,1
-1.4518265771671008,-2.117107900672268,0,1
2.2131293653890505,2.3384540175151227,0,1
-2.0668507798342195,-1.4611280970118687,0,1
2.30703968517304,2.4611033357832635,0,1
2.5893897855798254,1.9100375820938245,0,1
2.149119087103028,2.6631929483435153,0,1
1.5693871574726488,2.955032476549517,0,1
1.8442237339363137,2.0280826711148725,0,1
3.129654475345426,1.9788714241696788,0,1
2.1041374890384303,2.4883195182418563,0,1
2.1980033563308226,1.453469245634747,0,1
1.6302185018043434,2.771507297703368,0,1
1.5220274997536114,1.8270091121503067,0,1
1.7445974312155634,1.409683907938794,0,1
-2.9215347750783245,-2.2389870020202434,0,1
2.139962299521619,1.950924805178521,0,1
2.5498297979435565,2.327631865361299,0,1
1.6820769608105595,2.3382166474732498,0,1
-2.32620429119351,-2.1954766875938008,0,1
2.882026172983832,2.2000786041836116,0,1
1.373602319975037,2.388745177915955,0,1
2.1565338508254506,1.5729521303491376,0,1
1.41343829744292,2.9718105928246463,0,1
-1.8568281555538602,-1.6955780827622746,0,1
-2.065053477096852,-1.9530233853072156,0,1
-2.133866768446983,-2.5640056657350034,0,1
2.385895275606834,2.4117520769818657,0,1
-1.5620836192063345,-2.0575537342436134,0,1
-2.3598021942758964,-2.4064964942770386,0,1
1.6637697761120245,1.8202234192297293,0,1
-1.8627418211380302,-2.445457541497764,0,1
-1.980684724079906,-2.828357551160977,0,1
1.6812814872238855,1.8013640928356012,0,1
-1.9511375161425721,-1.7085231601233533,0,1
-2.3460249238921955,-1.231811472877101,0,1
2.00525001036041,2.8929352469529177,0,1
1.5933178703978985,1.266787836098743,0,1
2.3126157255135937,1.198971172196626,0,1
1.9914897930692796,2.189575867777541,0,1
2.7441260968977996,2.9479445880152917,0,1
2.088713071126876,1.799109531895869,0,1
-1.8086337849938658,-2.017121140265977,0,1
-1.3177340759487643,-2.344724592274969,0,1
2.4284153059513454,1.6744872033499265,0,1
-1.6668084589840428,-2.230359893694277,0,1
1.546350817808379,2.0259726978980694,0,1
1.3420462947442395,1.7692076975926456,0,1
-2.3140437798207896,-2.240513559230394,0,1
1.7451739091241731,1.7809628491944067,0,1
-3.0082033138998803,-2.2697273166872507,0,1
-2.1554430858492357,-1.9512999168656082,0,1
-2.251408350321269,-0.7937731602281257,0,1
1.7013419655173188,1.8810391351319966,0,1
1.8260439253369236,2.07817448455199,0,1
2.178183198587201,2.353286584095974,0,1
1.662833669671312,2.0159152791371757,0,1
-2.030813201047824,-2.0536526381455875,0,1
2.23283121986523,1.2318781568613881,0,1
-2.8490529097161272,-1.8063597623024683,0,1
-1.5927400887560668,-1.970537205409185,0,1
-2.6532634258676584,-1.1709346601909059,0,1
-2.589578965318844,-1.3492859641676196,0,1
2.06345604635181,2.2009946817223507,0,1
-3.1277821147010947,-2.511253421817802,0,1
2.07097658166039,1.8403357914274525,0,1
1.948390574103221,2.205299250969186,0,1
-2.0429653834858064,-1.9028535309771142,0,1
-1.1305636612727445,-1.5028028043422506,0,1
-2.1034518380819858,-1.5599105439596088,0,1
1.9507737377872838,1.6682608568189463,0,1
1.9658791973376843,2.8566713608246834,0,1
1.4828785791077677,2.3407972591408135,0,1
2.3457693755350935,2.347374571828003,0,1
-1.6133735112987002,-2.5919403200966586,0,1
1.6781907985835547,0.8882984238877867,0,1
-2.5944296288920143,-2.253408177149344,0,1
1.4646236892447289,2.5272258634655684,0,1
-2.8842692253385156,-1.8222591036281155,0,1
2.260532438226379,1.7121060150934668,0,1
1.4757235174664536,1.2899910314105125,0,1
1.728569261991641,2.2080250231307126,0,1
-3.32958611899837,-1.6968402378203096,0,1
2.6151453403638603,2.6011899243922056,0,1
2.022879258650723,1.906408074987083,0,1
-2.352350137928117,-1.5283696375152527,0,1
-1.1336394065404334,-1.6577494465704048,0,1
-2.8779452917188597,-1.7745327690970425,0,1
1.8659983145243098,2.4012281978981975,0,1
-1.616668409177457,-1.8218535912638556,0,1
1.9859088858306726,2.2141659352652088,0,1
2.0833367476862645,2.317515718446053,0,1
-2.3420054488686084,-1.170224601905064,0,1
-2.3627986892317923,-2.691681977697528,0,1
-2.5226266830734776,-1.3944273551586495,0,1
-2.4927553688420754,-2.7359175037317933,0,1
1.5277768720408749,1.7949751533987257,0,1
1.9803585908862522,1.4159532511294013,0,1
2.941575348528127,1.3261204694287767,0,1
-2.0210857256452894,-2.143443596194954,0,1
-1.2433359587133974,-1.723433967896208,0,1
-1.7531291113254057,-2.0580519695171833,0,1
1.1468649046874937,2.975387697615895,0,1
1.2543712036471972,2.2196958506322684,0,1
1.7509837746538475,2.964766026908493,0,1
2.4550894540462957,2.158609107595651,0,1
0.7235050920829607,2.3268092977201804,0,1
-2.055270328616236,-1.4899136441421001,0,1
-2.219594760901074,-1.9093307853910892,0,1
-2.2204613161462956,-2.1401777475922543,0,1
-2.1997245146314377,-1.8149720560762406,0,1
1.4262656737944488,1.7810899776277829,0,1
1.593426858977773,1.1368586988341616,0,1
2.336147378506218,2.2037309181205553,0,1
-2.299326968461493,-2.557948492980197,0,1
1.4998923263052175,1.2276144516111942,0,1
-1.4657453003419953,-2.226692901925694,0,1
3.191572387431971,2.472239743495207,0,1
1.4174250796083219,2.4504132434770938,0,1
-1.6531134236549336,-2.0797867190731334,0,1
1.1849008265169778,2.2313911277628873,0,1
-2.1459186813739315,-2.3807461059058115,0,1
2.4893689920528694,3.120446599600729,0,1
-1.6550909177326059,-1.3490768852175008,0,1
-1.5340758129428482,-1.830017508099369,0,1
-1.4498578308898131,-1.3509890138368894,0,1
-1.5655182565516024,-1.861564047076936,0,1
-2.0078410558012774,-1.9195359158508885,0,1
-1.4357029677427158,-1.7519995268280188,0,1
-1.5791843679631818,-2.1247292900804746,0,1
1.62762258897578,1.5867807306704929,0,1
1.6150419627773418,2.2696245956459085,0,1
-2.5090209376436823,-2.0389273779704253,0,1
-1.678342767468536,-2.7853117043167264,0,1
2.473625983886874,1.922494953454583,0,1
-1.2400025696171135,-1.1402053462919026,0,1
2.3931639810544882,1.7667904516320285,0,1
-2.298157019225254,-2.0262836481347732,0,1
-2.234432093983398,-3.1007206427502787,0,1
2.4747104034628804,2.0437756206925957,0,1
-1.5997175982845016,-1.9608699124191693,0,1
-1.17593253389622,-1.917886122256333,0,1
-1.022043845874653,-1.8049533386560368,0,1
1.5435888872779207,2.5585081440479263,0,1
2.4604294118904093,2.1593638264715107,0,1
2.033258611191584,2.151235948869891,0,1
-0.8480416511580291,-2.530007911360774,0,1
-2.791469198667541,-1.6948103104463974,0,1
-2.2846560267350924,-1.8650478225296192,0,1
2.57616578239156,2.5398092960184107,0,1
2.1882127655778145,1.4502996047079026,0,1
-2.2587595212552016,-2.489414929679385,0,1
-1.9752525091749547,-1.7530816118595218,0,1
-2.4543816229795263,-2.2121588104889507,0,1
-2.4855522852222425,-1.842591397742088,0,1
1.6828389531595183,1.818629417006431,0,1
-1.800476827179935,-3.3862963782133253,0,1
-1.626405832897684,-2.594472477601868,0,1
-1.8305479373920277,-0.9894782192576013,0,1
1.387282240584916,2.4221814882007737,0,1
-2.723267349781694,-1.5998510253299862,0,1
-1.535247444260236,-1.7088877043010378,0,1
1.4478083302857747,2.026082539630487,0,1
-1.8597791473418521,-2.4965618054647902,0,1
1.287969545508734,1.753340058318903,0,1
1.4219087840890436,2.3905990508549966,0,1
2.2882954083074702,1.8958506222110025,0,1
-2.480252190816574,-2.3965586813538358,0,1
2.933779480213285,2.4530223291376925,0,1
-2.3913145779137626,-2.0551946495134437,0,1
-1.7163548610736652,-2.111337550257577,0,1
-3.015342233890747,-0.9677535693203403,0,1
2.078253268982688,2.1160905181001377,0,1
-2.1737253262492815,-2.2906342384301626,0,1
-1.7712921968895046,-2.4823060068668643,0,1
-3.047301535603072,-1.9381390428832468,0,1
2.320065763048796,1.191521977844583,0,1
-2.2398279070039737,-1.6898208508282437,0,1
2.221931616372713,2.1668371636871333,0,1
2.7472422722456846,0.9650074874932337,0,1
1.9878369378005323,1.6309845453971556,0,1
-1.650771425446332,-1.9981145554568653,0,1
-2.078833508081908,-0.8716382513508953,0,1
2.5633179610532535,1.4600342458182882,0,1
2.077473712848458,2.1890812598010867,0,1
-1.266710642212911,-1.573724030269384,0,1
1.9335597112065221,1.8511045602991358,0,1
-1.7380544880828972,-1.9557889564776694,0,1
2.9337789950749835,1.5113610600617946,0,1
-2.1924399045906378,-1.952824205341463,0,1
1.845493515476439,1.1619980968350117,0,1
-1.7107392511355608,-1.825172771503413,0,1
1.823003044373258,1.3125243532909905,0,1
2.4750442087627946,1.9243213958511511,0,1
-1.589207143975102,-1.9973536768503195,0,1
-2.0590820225642847,-2.340089101998425,0,1
1.5561071261849437,1.0096017658880365,0,1
1.364757500757133,2.4846983540790055,0,1
1.5646014254090592,1.7105751676177923,0,1
1.5982951679130795,1.6552251111248997,0,1
1.7722337482413284,2.0087395795125285,0,1
2.3805188625734965,2.060837508246414,0,1
1.7984115265134102,2.6112225351912137,0,1
1.3535715451382757,2.1335254346745915,0,1
-2.514967641654488,-2.174971682294552,0,1
1.5522667194031623,2.193451248929631,0,1
-2.527314231992507,-1.5898760813376593,0,1
-0.6518879737182102,-2.0369623331402074,0,1
1.2296014927776877,2.031630997100166,0,1
-2.0679748503391604,-1.4315543186986524,0,1
-1.3404315618492122,-2.4412094092749594,0,1
2.261638330265877,1.914226834388876,0,1
-2.3292764834025017,-2.257116982969994,0,1
2.432218099429753,1.628917489796779,0,1
-1.7684348353406965,-1.8604521178037734,0,1
1.7682020126769529,2.240740736886731,0,1
-2.1767158743785995,-2.8082370943255164,0,1
1.8154090810287782,1.8803104112120368,0,1
-2.0953267467906995,-2.197424757016725,0,1
-1.528476956338741,-3.3698385835947784,0,1
-2.0228519803301173,-1.8897461721214133,0,1
-4.56486904874038,2.558937446675941,1,1
3.1294205834027693,0.7353263708339544,1,1
3.251606159454731,-0.07445284362731108,1,1
0.27279395258392825,-0.869507779697404,1,1
-5.694970479070857,-4.705302876080347,1,1
-5.6228497717591885,1.6369249351653643,1,1
-2.22772822708408,0.10284829397643325,1,1
4.890797687113116,-3.0084932502135007,1,1
-1.0754049235724432,3.066613662516584,1,1
-3.2544220141005304,-5.076241082054484,1,1
-2.5229825650347837,-4.065344552951947,1,1
5.156371828110878,3.6974445547730035,1,1
1.6008450781250811,4.4575270822526125,1,1
3.644064922789374,-3.76115929336757,1,1
4.710707981879732,0.4721069029878091,1,1
3.68928186196875,4.753095599081918,1,1
-2.1839583003376335,-4.679376905667879,1,1
-3.2647780494967,-0.8747065364849238,1,1
3.816177191069917,4.328766999076121,1,1
-5.916574433625712,0.12896763093078878,1,1
-0.9910679622146521,-3.334706274351237,1,1
-4.561615591995807,-1.9486179431564645,1,1
5.31491644695023,-2.1215648157509372,1,1
0.22548746092039273,2.436227506742135,1,1
-1.6364447714484722,5.661384992651527,1,1
5.549367539305335,-2.97861245009563,1,1
-0.03301792929137459,-2.389460282198764,1,1
-2.5819140674703887,-5.5573566317456065,1,1
1.3147720077587621,0.03214827874633741,1,1
-5.382254985000127,-2.6562424291606628,1,1
4.8991906315998435,-3.125257311996331,1,1
-4.261261534905323,-0.12656687666924427,1,1
5.827805449327208,-3.095336741861995,1,1
2.0656265688705417,3.139435383944612,1,1
-3.148349472091204,2.738596183342315,1,1
-1.5866024073689609,1.5876699671229542,1,1
1.602356529130736,0.4292962088971013,1,1
-4.9165227593471,4.023629947070855,1,1
-2.15063922033917,-3.761777875201749,1,1
-5.510698301342833,1.0907153182589013,1,1
2.130772342107388,-5.800946052865726,1,1
0.1451166995913713,-3.2820506976247446,1,1
1.7420734849133979,-3.9076028519401027,1,1
2.2912528572295905,-1.359175844393551,1,1
5.240759864840815,-4.349748670248081,1,1
-2.338047742627023,-2.2192033258594472,0,2
-2.1094080633175056,-1.9529888434182907,0,2
-2.400277541420826,-2.4040152517392666,0,2
-1.9402099409310605,-2.0151810622885,0,2
5.244853923921035,4.004791924154588,0,2
-2.347206577757256,-2.093687675337708,0,2
-2.082701160368167,-2.2129183897540665,0,2
-2.0927343334315127,-2.0700399984631077,0,2
-0.4208467713369273,1.680889579679047,0,2
-2.4897903578703486,-2.470330317292536,0,2
-2.0555161013028025,-2.242294546284907,0,2
1.3472696724175437,4.773895592719013,0,2
3.0936358432663056,2.1934743661361162,0,2
4.884413039720577,4.220772187151637,0,2
-1.7685782153969463,-1.6911683513651699,0,2
-1.742622822712299,-1.6576694400027279,0,2
5.404631935981412,-0.18154851189814725,0,2
3.709101026814951,0.14776126946952095,0,2
2.6035124617663232,0.9727848635895302,0,2
-2.6865860120043585,-1.924554675493539,0,2
-2.140053663815829,-2.425071833937878,0,2
0.9581482104029517,1.775548189508494,0,2
4.241118609736409,1.6922626043512987,0,2
-2.1185686947963065,-2.3478261549199737,0,2
4.299168821537686,4.204038154850427,0,2
1.4190097738880716,1.5465458741369966,0,2
-2.2063512833086047,-2.364223220928236,0,2
2.216065356741317,4.181410260444462,0,2
-2.580883941753952,-1.9433664209618515,0,2
-1.8887524996156695,-1.9573814584438294,0,2
-1.7412211966014648,-2.7966857278924797,0,2
-2.195688079980506,-2.156356793690333,0,2
-2.229243177171933,-2.4313374421404736,0,2
3.782044688528453,2.4754139178872743,0,2
1.379571528860379,0.8788177828388632,0,2
-1.6710959463002604,-2.070264740403361,0,2
2.6393880961671514,3.0153620525453686,0,2
-2.040110467900532,-1.6766768582071212,0,2
2.9211190555191204,3.38331000734979,0,2
3.768169356739476,1.7301127462814736,0,2
2.447357261309084,3.9895788450305454,0,2
0.7081614724179461,4.86509742964855,0,2
1.532671201808941,2.084248013344618,0,2
5.388963426036279,1.936614272509036,0,2
2.3124124671152906,3.4649585547255692,0,2
2.5940100689924677,0.3604077369042413,0,2
0.8906555054130301,4.314521893110104,0,2
0.5660824992608346,1.4810273364509203,0,2
1.2337922936466905,0.22905172381638184,0,2
-2.5529208650469943,-2.143392201212146,0,2
2.419886898564857,1.852774415535563,0,2
3.64948939383067,2.982895596083897,0,2
1.0462308824316786,3.0146499424197497,0,2
-2.195722574716106,-2.1172860125562805,0,2
4.646078518951496,2.600235812550835,0,2
0.1208069599251107,3.166235533747865,0,2
2.469601552476352,0.7188563910474128,0,2
0.24031489232876013,4.915431778473939,0,2
-1.9140968933323161,-1.8173468496573648,0,2
-2.039032086258111,-1.9718140311843293,0,2
-2.08032006106819,-2.338403399441002,0,2
3.157685826820501,3.2352562309455974,0,2
-1.7372501715238007,-2.034532240546168,0,2
-2.2158813165655378,-2.243897896566223,0,2
0.9913093283360734,1.4606702576891881,0,2
-1.9176450926828181,-2.2672745248986583,0,2
-1.9884108344479436,-2.4970145306965863,0,2
1.0438444616716565,1.4040922785068035,0,2
-1.9706825096855434,-1.8251138960740119,0,2
-2.2076149543353174,-1.5390868837262608,0,2
2.0157500310812306,4.678805740858753,0,2
0.7799536111936958,-0.19963649170377096,0,2
2.937847176540781,-0.4030864834101213,0,2
1.9744693792078392,2.568727603332623,0,2
4.2323782906934,4.843833764045875,0,2
2.266139213380629,1.3973285956876071,0,2
-1.8851802709963195,-2.0102726841595864,0,2
-1.5906404455692587,-2.2068347553649814,0,2
3.285245917854037,1.0234616100497798,0,2
-1.8000850753904256,-2.138215936216566,0,2
0.6390524534251367,2.0779180936942083,0,2
0.02613888423271815,1.3076230927779364,0,2
-2.1884262678924737,-2.1443081355382363,0,2
1.2355217273725199,1.3428885475832204,0,2
-2.604921988339928,-2.1618363900123505,0,2
-2.0932658515095417,-1.970779950119365,0,2
-2.1508450101927616,-1.2762638961368755,0,2
1.1040258965519558,1.6431174053959894,0,2
1.478131776010771,2.23452345365597,0,2
2.534549595761603,3.059859752287922,0,2
0.9885010090139359,2.0477458374115267,0,2
-2.018487920628694,-2.0321915828873522,0,2
2.6984936595956897,-0.3043655294158354,0,2
-2.5094317458296764,-1.883815857381481,0,2
-1.7556440532536401,-1.982322323245511,0,2
-2.391958055520595,-1.5025607961145435,0,2
-2.353747379191306,-1.6095715785005718,0,2
2.1903681390554297,2.6029840451670525,0,2
-2.676669268820657,-2.306752053090681,0,2
2.2129297449811696,1.521007374282357,0,2
1.8451717223096633,2.6158977529075584,0,2
-2.0257792300914836,-1.9417121185862685,0,2
-1.4783381967636466,-1.7016816826053502,0,2
-2.0620711028491914,-1.7359463263757653,0,2
1.8523212133618516,1.004782570456839,0,2
1.8976375920130533,4.570014082474049,0,2
0.448635737323303,3.0223917774224405,0,2
3.03730812660528,3.042123715484009,0,2
-1.7680241067792202,-2.3551641920579955,0,2
1.0345723957506643,-1.3351047283366402,0,2
-2.356657777335209,-2.152044906289606,0,2
0.3938710677341861,3.581677590396705,0,2
-2.530561535203109,-1.8933554621768693,0,2
2.781597314679138,1.136318045280401,0,2
0.4271705523993612,-0.13002690576846287,0,2
1.1857077859749234,2.624075069392138,0,2
-2.7977516713990225,-1.8181041426921858,0,2
3.8454360210915812,3.803569773176617,0,2
2.068637775952169,1.7192242249612497,0,2
-2.21141008275687,-1.7170217825091516,0,2
-1.48018364392426,-1.7946496679422428,0,2
-2.5267671750313156,-1.8647196614582255,0,2
1.5979949435729295,3.203684593694593,0,2
-1.7700010455064743,-1.8931121547583134,0,2
1.9577266574920178,2.6424978057956263,0,2
2.2500102430587936,2.9525471553381597,0,2
-2.205203269321165,-1.5021347611430385,0,2
-2.2176792135390753,-2.4150091866185166,0,2
-2.3135760098440863,-1.6366564130951897,0,2
-2.295653221305245,-2.441550502239076,0,2
0.5833306161226244,1.3849254601961773,0,2
1.9410757726587566,0.24785975338820387,0,2
4.824726045584382,-0.02163859171366944,0,2
-2.012651435387174,-2.086066157716972,0,2
-1.5460015752280385,-1.834060380737725,0,2
-1.8518774667952436,-2.03483118171031,0,2
-0.5594052859375189,4.926163092847684,0,2
-0.2368863890584083,2.659087551896805,0,2
1.2529513239615426,4.894298080725479,0,2
3.365268362138888,2.475827322786953,0,2
-1.829484723751118,2.980427893160541,0,2
-2.033162197169742,-1.6939481864852601,0,2
-2.1317568565406444,-1.9455984712346537,0,2
-2.1322767896877775,-2.0841066485553528,0,2
-2.1198347087788627,-1.8889832336457444,0,2
0.2787970213833464,1.343269932883349,0,2
0.780280576933319,-0.5894239034975151,0,2
3.0084421355186532,2.6111927543616655,0,2
-2.179596181076896,-2.3347690957881184,0,2
0.499676978915653,-0.3171566451664174,0,2
-1.6794471802051973,-2.136015741155416,0,2
5.574717162295913,3.416719230485621,0,2
0.25227523882496516,3.3512397304312804,0,2
-1.7918680541929604,-2.04787203144388,0,2
-0.445297520449067,2.6941733832886614,0,2
-2.0875512088243586,-2.228447663543487,0,2
3.4681069761586087,5.361339798802186,0,2
-1.7930545506395634,-1.6094461311305004,0,2
-1.720445487765709,-1.8980105048596214,0,2
-1.669914698533888,-1.6105934083021336,0,2
-1.7393109539309615,-1.9169384282461617,0,2
-2.0047046334807663,-1.9517215495105331,0,2
-1.6614217806456295,-1.8511997160968114,0,2
-1.7475106207779092,-2.0748375740482845,0,2
0.8828677669273401,0.7603421920114783,0,2
0.8451258883320254,2.808873786937726,0,2
-2.305412562586209,-2.023356426782255,0,2
-1.8070056604811215,-2.4711870225900356,0,2
3.4208779516606223,1.7674848603637487,0,2
-1.5440015417702682,-1.4841232077751416,0,2
3.1794919431634643,1.3003713548960854,0,2
-2.1788942115351526,-2.0157701888808637,0,2
-2.140659256390039,-2.6604323856501675,0,2
3.424131210388641,2.1313268620777865,0,2
-1.759830558970701,-1.9765219474515017,0,2
-1.505559520337732,-1.9507316733537998,0,2
-1.4132263075247917,-1.8829720031936221,0,2
0.6307666618337622,3.6755244321437797,0,2
3.3812882356712284,2.4780914794145317,0,2
2.0997758335747516,2.4537078466096722,0,2
-1.3088249906948175,-2.318004746816464,0,2
-2.4748815192005247,-1.8168861862678385,0,2
-2.1707936160410557,-1.9190286935177716,0,2
3.72849734717468,3.6194278880552315,0,2
2.564638296733444,0.3508988141237084,0,2
-2.155255712753121,-2.293648957807631,0,2
-1.9851515055049729,-1.851848967115713,0,2
-2.272628973787716,-2.1272952862933705,0,2
-2.2913313711333454,-1.9055548386452528,0,2
1.0485168594785546,1.4558882510192928,0,2
-1.880286096307961,-2.831777826927995,0,2
-1.7758434997386106,-2.3566834865611206,0,2
-1.8983287624352165,-1.3936869315545608,0,2
0.16184672175474812,3.2665444646023207,0,2
-2.4339604098690164,-1.7599106151979917,0,2
-1.7211484665561416,-1.8253326225806228,0,2
0.34342499085732414,2.078247618891462,0,2
-1.9158674884051112,-2.297937083278874,0,2
-0.13609136347379724,1.260020174956709,0,2
0.2657263522671309,3.17179715256499,0,2
2.8648862249224116,1.6875518666330076,0,2
-2.2881513144899444,-2.2379352088123015,0,2
4.801338440639855,3.359066987413078,0,2
-2.2347887467482574,-2.033116789708066,0,2
-1.8298129166441992,-2.0668025301545465,0,2
-2.6092053403344484,-1.3806521415922042,0,2
2.2347598069480634,2.3482715543004136,0,2
-2.104235195749569,-2.1743805430580974,0,2
-1.8627753181337028,-2.2893836041201183,0,2
-2.6283809213618436,-1.9628834257299481,0,2
2.960197289146388,-0.4254340664662517,0,2
-2.1438967442023844,-1.8138925104969463,0,2
2.6657948491181385,2.5005114910614004,0,2
4.241726816737053,-1.1049775375202988,0,2
1.9635108134015966,0.892953636191467,0,2
-1.7904628552677992,-1.9988687332741193,0,2
-2.047300104849145,-1.322982950810537,0,2
3.6899538831597605,0.3801027374548651,0,2
2.2324211385453743,2.5672437794032605,0,2
-1.5600263853277467,-1.7442344181616305,0,2
1.8006791336195667,1.5533136808974075,0,2
-1.8428326928497383,-1.9734733738866015,0,2
4.8013369852249514,0.5340831801853834,0,2
-2.1154639427543827,-1.9716945232048777,0,2
1.5364805464293165,-0.514005709494965,0,2
-1.8264435506813366,-1.895103662902048,0,2
1.469009133119774,-0.0624269401270281,0,2
3.4251326262883843,1.7729641875534532,0,2
-1.7535242863850613,-1.9984122061101917,0,2
-2.035449213538571,-2.204053461199055,0,2
0.6683213785548308,-0.9711947023358904,0,2
0.09427250227139972,3.454095062237017,0,2
0.6938042762271772,1.1317255028533768,0,2
0.7948855037392384,0.9656753333746992,0,2
1.3167012447239852,2.026218738537585,0,2
3.14155658772049,2.1825125247392427,0,2
1.3952345795402306,3.833667605573641,0,2
0.060714635414827134,2.400576304023774,0,2
-2.308980584992693,-2.104983009376731,0,2
0.6568001582094865,2.580353746788893,0,2
-2.316388539195504,-1.7539256488025956,0,2
-1.191132784230926,-2.0221773998841246,0,2
-0.3111955216669373,2.0948929913004974,0,2
-2.040784910203496,-1.6589325912191915,0,2
-1.6042589371095273,-2.2647256455649756,0,2
2.7849149907976303,1.742680503166628,0,2
-2.197565890041501,-2.1542701897819967,0,2
3.2966542982892584,0.886752469390337,0,2
-1.861060901204418,-1.916271270682264,0,2
1.3046060380308586,2.722222210660193,0,2
-2.10602952462716,-2.4849422565953097,0,2
1.4462272430863345,1.6409312336361104,0,2
-2.05719604807442,-2.118454854210035,0,2
-1.7170861738032448,-2.8219031501568668,0,2
-2.0137111881980703,-1.933847703272848,0,2
-1.9072037873968979,-4.638317745112931,1,2
5.0963234193427525,4.528072240571772,1,2
-2.9047004674181327,1.9198085524101485,1,2
3.8066664024145904,0.6624097391935475,1,2
0.35580694027207826,-3.09777250919458,1,2
-4.88276678632921,4.766589095439921,1,2
4.805016685959966,1.5972174872792149,1,2
-1.9316425074155923,-1.8094851046480693,1,2
2.711468146442872,4.765323119430924,1,2
4.645037091181408,3.3585065502914873,1,2
1.7043797538514536,-4.990320420059414,1,2
-4.060455430864635,4.782650262324951,1,2
1.2771487159150787,-5.889635380600444,1,2
-4.782341485607615,1.9620212292966697,1,2
-5.939260993845376,-4.070303382990016,1,2
0.584805472399033,2.30274237231232,1,2
1.8235351140312064,-3.3087682864732826,1,2
2.546150656170431,-3.153010950038399,1,2
-2.0952036220887873,2.9578968614162893,1,2
1.795594788566576,4.190680925930135,1,2
1.8913547076041208,0.8197032400256594,1,2
-4.87590278606289,-1.5874103632867982,1,2
-2.8175715878192946,-3.072124279450997,1,2
5.6761266570293465,-1.2828273039988751,1,2
4.7045586621253594,1.5736635119671547,1,2
3.537735642499781,0.03164511726230579,1,2
0.9228466155163098,-0.08978767417363365,1,2
-3.657084146423466,2.669425383138064,1,2
-2.6307316507097305,-5.708208402822554,1,2
1.7456675508860133,-3.8746718471154127,1,2
5.285503012234972,5.4471429240310485,1,2
4.978372682645382,-1.5580955969346668,1,2
-5.814520601653591,5.139822751052705,1,2
-0.8617902201922281,5.599857828524035,1,2
5.563439725071035,4.236113465608321,1,2
-2.4666132951649717,-1.3788272567768969,1,2
4.213640058202284,-2.196935938124668,1,2
-3.96608703976689,0.6816151495002014,1,2
5.233857289929372,2.3523575600996764,1,2
0.8407340410723796,-4.833882074750777,1,2
1.3800867203900369,5.88064620125116,1,2
-4.318991817161711,0.2199558283648404,1,2
4.528476863135465,2.8892234130504537,1,2
2.364188891943215,2.4298090078453107,1,2
-1.686106185362938,-2.4768978688260797,1,2
0.8616504292633937,-2.976356723245804,0,3
-1.0128420744973081,-1.960362643707068,0,3
1.7730427218521738,0.3871996150089434,0,3
1.8949688051988365,-2.9716030532832844,0,3
2.958853190373641,-2.645642808823713,0,3
-6.050721290343343,-0.22623669416594505,0,3
2.700426324167906,-2.909745921488744,0,3
0.6631831160860293,-2.635794107071276,0,3
-0.0014091155867130833,2.4280598614973457,0,3
-4.803037121799006,2.179311673114732,0,3
5.767515723651273,0.10759473526800223,0,3
1.7105049211256764,0.24758208179662056,0,3
-1.0862532748349596,-1.9031139626125846,0,3
3.7731136747302694,-2.9636314220868334,0,3
1.7023762574956347,0.4692002438531886,0,3
-2.1787084200793725,3.0102107395359674,0,3
5.127351284795175,-0.9876214797273105,0,3
-3.5426653223338747,2.8416951093328198,0,3
2.371095527030773,-3.215627653954556,0,3
-1.722340116056441,-0.19796980082542037,0,3
-0.505408659345365,-1.8228802528591919,0,3
-3.8289215751036974,2.566594410429979,0,3
-5.530888436982021,0.9642849407405025,0,3
-5.429661693702812,0.7682657624694573,0,3
1.9172787852784001,-3.3178355360294223,0,3
-5.075058078600787,1.4163586855001649,0,3
-0.3426599276275939,-2.2206459941444994,0,3
6.032714002483949,-0.019273882151316868,0,3
2.9531302780469932,-3.0133092532155334,0,3
5.796893363068864,0.5810376137909989,0,3
-3.44605744345131,2.8066146186712904,0,3
-0.8350961303420819,2.927481876119361,0,3
1.7520425239402457,-0.39768675146571386,0,3
-5.461872287286547,1.2524056241392327,0,3
1.2290202314136298,-2.9604820450336473,0,3
-1.968698692406925,1.0464362072400553,0,3
-1.5333245941167521,-1.1321827427456117,0,3
-1.408378572261051,-1.5973302217640672,0,3
5.891427704796657,1.0832100092522845,0,3
1.7465562550549514,-0.42285076191131765,0,3
2.1724109109640386,-3.4119966663742005,0,3
-3.1186885479840543,2.9498970111100715,0,3
-2.6739703035337525,2.88303935217416,0,3
0.9888783770668716,1.568565528048635,0,3
-0.4631547978690955,2.331449648104269,0,3
-5.680951233887546,0.053069329540537336,0,3
2.7977390035539393,-3.17627457299177,0,3
-1.0174535268895966,2.7872173581156137,0,3
1.9849030990069054,-0.4756402983304022,0,3
0.46893258472121957,2.389824769539963,0,3
-2.018633477758481,2.721326870292483,0,3
0.7230004651382043,-2.760913831609826,0,3
-1.7765763855653844,-0.9659979455561852,0,3
-4.584861373801471,2.1392204518550213,0,3
-1.103162020780116,2.8260406548217483,0,3
4.366346969726677,-2.2816044031337683,0,3
-1.7775456485509058,-0.46242331942538073,0,3
1.4936706494517056,0.5300798455130802,0,3
6.192793883479284,-0.16606758545402367,0,3
-2.1224823626406946,0.6689638365078254,0,3
-5.702863066359308,0.2208654621847359,0,3
-6.3919195078088125,-0.25014898015964493,0,3
-1.061696276051715,3.0870242497744274,0,3
5.829624609927185,0.8025957342039332,0,3
5.884264185941248,-0.04189176768588054,0,3
1.7487810789642912,-2.7575486657472323,0,3
4.329470969905705,-2.085866787585035,0,3
-4.908965855943403,1.7765932110660243,0,3
2.110376952417022,0.42520985178062887,0,3
0.23437882482417116,2.526667093063239,0,3
-1.9484895859410925,0.6119110593054327,0,3
2.21502555033374,-2.9151021239908186,0,3
5.152556009976617,-0.7529722608747718,0,3
1.3455202833316142,1.0200736885851702,0,3
-5.844516125012952,-0.6712343397310272,0,3
4.392915075307548,-2.2569245848114496,0,3
0.9820513958463257,1.781564209463697,0,3
-3.853965073966437,2.773813741352628,0,3
-0.8215537151934633,-2.1891283200313714,0,3
-5.903971409999047,0.18253085244438538,0,3
-5.183985666386004,1.3748794265698443,0,3
-1.9237428272633,0.14139333360859307,0,3
4.815454762750403,-1.8537128313782487,0,3
1.1765697737249363,-3.0805579686773323,0,3
2.891780396095614,-2.9015086172214826,0,3
-2.158019401166998,3.4493443608311356,0,3
0.8169966736148915,-2.6732261724556636,0,3
2.191605914647244,-3.23756671472452,0,3
4.553295442916761,-2.437792044254572,0,3
2.510228823614513,-2.7406144125776866,0,3
5.394607379729533,-0.31305614248042024,0,3
0.2618426678887982,2.5329260754538825,0,3
5.58285497222053,-1.2467864901548178,0,3
-0.8597301344733006,-2.1736567783305634,0,3
-2.0846285994445304,0.7753027716267094,0,3
-2.0161702329171383,0.3598311673803094,0,3
-4.004767396204999,2.4616266011461696,0,3
-0.47723250491081437,2.344572912517889,0,3
-0.9026450065073937,-1.570146701957813,0,3
1.5849096942242076,0.3776654902189154,0,3
5.346754504179881,-0.5774981534872348,0,3
3.952562256618231,-2.311575980965257,0,3
-5.399113104187111,0.8653888525137015,0,3
-1.4278954584809114,-0.6458003239714705,0,3
-1.7082210661341954,3.021298935219967,0,3
2.172616821224838,-3.0734142299739458,0,3
3.6220495724916812,-2.8577334735722055,0,3
0.4574405451229304,-2.8652751315561806,0,3
6.061224907362568,0.030684515828436787,0,3
1.214034310704819,-2.8212580786121535,0,3
-1.8571197212399282,0.34892287070481776,0,3
-1.969578391718835,0.4215404732341992,0,3
0.7305716898345489,1.6414209624203155,0,3
-3.164154925400186,2.7314319377243685,0,3
3.983330615617091,-2.8094153082180027,0,3
-0.993161853397156,2.520148402611305,0,3
-1.416158509975565,-0.37039748374413684,0,3
5.796757756657885,-0.604439924887238,0,3
-4.792848962019004,1.6075464599815321,0,3
1.5558976607541997,0.5614948783693983,0,3
1.4468486689319042,1.524444772140173,0,3
-5.698684903048455,-0.576644123653099,0,3
1.6548066387020866,0.1007795217593026,0,3
-0.325678715000848,2.7707982011543377,0,3
-2.3958759379417245,3.0708740822325264,0,3
-4.496862805090525,1.999366201488265,0,3
-1.4940628035954013,-1.173690473778959,0,3
-0.19114429520952458,-2.3588912017739427,0,3
-1.9547215435021832,0.03388289955188695,0,3
2.3323268516363402,-0.5261473310596699,0,3
-3.6776348935036975,2.6244097375969377,0,3
-1.470538453933529,0.01995894253185715,0,3
-0.6908475297703098,2.955495085275929,0,3
-1.7890181167531578,2.9748358809842177,0,3
-5.898670602829376,0.02008385012266034,0,3
0.06813752171372967,-2.939631143185446,0,3
4.729434354614262,-1.759498026104798,0,3
5.556224503669681,-0.9205942389501898,0,3
0.8335594669674578,2.042955464821164,0,3
4.981330462038992,-1.3692934241446613,0,3
2.01499536327539,0.08377605444944858,0,3
-4.371343266221468,2.1127037574371093,0,3
1.5420021127928556,-3.2138930576862985,0,3
1.9748144927689677,-0.7082959239361915,0,3
-1.7813459140252832,0.3887531212039381,0,3
-5.407222838321646,0.7459062664498008,0,3
1.3421801284003383,0.9167508093911689,0,3
1.0151990084939047,1.5288158163192818,0,3
-2.118121454077397,3.0502634800457464,0,3
6.011012349081989,0.7326991086227961,0,3
0.7022868682669667,-3.254803661204134,0,3
1.7231597404666448,0.5497841965918735,0,3
4.227121026005102,-2.4466409126805155,0,3
3.275838850797478,-2.724102735729555,0,3
4.969629513592492,-1.0814741314325529,0,3
-2.6549212420240753,2.8145109713321794,0,3
-0.5558866527060586,2.5692476746462556,0,3
1.5931627474260601,-0.9392647973385114,0,3
2.8231993909077415,-3.0443205452476048,0,3
-3.9828502990162806,2.4497538190718613,0,3
-1.0114365088131219,-1.472708162518642,0,3
-2.734693042491866,2.9821898967000595,0,3
2.06569873657954,0.04303337688972575,0,3
-0.2302460686116301,-2.52051116482954,0,3
-0.46380404257640206,2.229246602978133,0,3
0.8988541699567554,2.153619182299923,0,3
1.817854656030745,0.20776206573240552,0,3
-2.183779798081129,0.5091017093354955,0,3
0.19566137289312868,2.7376766822188556,0,3
6.495757276855466,0.3969896816453009,0,3
2.5813314861587475,-3.0387800996394874,0,3
-5.617469755381153,1.069027445610239,0,3
0.1009419807534,-2.484920743860002,0,3
-0.7386673596529785,2.815035157180655,0,3
-0.9127868958080116,-1.9297325924650157,0,3
1.7999590926873363,-3.311553206233185,0,3
-5.919131287214889,0.8201905191171595,0,3
0.8949581141888006,-2.5132921221843847,0,3
4.455720281348663,-2.324566235668943,0,3
0.33358730208455256,2.184897701768136,0,3
-4.859637585478795,1.9007086648610438,0,3
-5.8360427203863985,0.2679575242704999,0,3
5.9332716052296695,0.3964745386449571,0,3
1.117273458477806,-3.140287986659009,0,3
-5.951576407802976,-1.1777440514707256,0,3
-4.655948272601248,2.0959444383004393,0,3
3.3533073809874283,-2.3854545200578454,0,3
-4.349758167029195,2.599250602660006,0,3
1.6150716153506606,-2.9371202768688014,0,3
-3.776926483310982,2.582453396804326,0,3
1.234628831338072,-2.972382263209478,0,3
-1.9132285801439681,-0.023269760107409,0,3
0.9446772364411995,1.5111937239822386,0,3
-1.3713510461034084,-0.9230095504528872,0,3
-4.978910311287669,1.6641412360978425,0,3
2.215639460742848,-1.5118369332688193,0,3
-3.3623720756826723,2.540269657769231,0,3
5.53149167405636,-0.9195643980123073,0,3
-3.487102656026396,2.578612258031135,0,3
5.856395489850401,1.0067236696755648,0,3
4.310513580586851,-1.8687317984171332,0,3
3.014508855863361,-2.940599613114295,0,3
-1.1349282980099273,2.964215358582542,0,3
0.08750735885009586,2.0793350694928416,0,3
-0.025337236008164954,2.431007189893292,0,3
-2.8073819591972087,3.0257522629568827,0,3
5.998169652769527,0.9367747123545431,0,3
-5.852475141511665,-0.694438478526743,0,3
0.5647477837030079,-2.577203790013733,0,3
1.6567804981554826,0.79186291270229,0,3
3.5906745922520438,-2.819659761423817,0,3
-6.025321721746755,-0.6890522149768121,0,3
-6.358395399780385,-0.6272986693006732,0,3
-2.5228758472716706,3.146104805808423,0,3
-1.3369866266051678,-1.4588937804853037,0,3
-4.09188333340715,2.524726290812919,0,3
0.2459259204995985,-3.24135981823819,0,3
-5.6067060359337075,0.5697119442135461,0,3
5.079658184798302,-1.7154735692260143,0,3
6.069466941574744,0.9915152975958739,0,3
-0.35557534150001047,-2.342635114657808,0,3
1.7820032789791993,-0.5310381417722398,0,3
-1.7636029705933889,3.045957479246286,0,3
0.05932640807522249,-2.5483767469930276,0,3
-3.0770572688787787,2.802013904694437,0,3
-1.671691493893419,-0.969352978698791,0,3
-5.299917505501346,1.1508322719480444,0,3
-6.2766688960478865,-0.5061532416405057,0,3
4.586622582927802,-1.9706227139986656,0,3
5.43067034143754,-0.9312084138475885,0,3
-5.911743753680167,-0.3458500184758364,0,3
4.7886530283237265,-2.3984514020476313,0,3
-3.2283846086855834,2.683968630457555,0,3
-2.6747542843383987,2.8896415520465024,0,3
5.699508002754427,-0.5691981573079861,0,3
1.9295664943993618,0.2536123746971457,0,3
-5.23735130538066,1.3644892403073259,0,3
-4.328967144430079,2.3227411242144127,0,3
1.0526089256675686,1.6170657455265642,0,3
-0.6481074475313782,2.811437179592923,0,3
-1.8669006550511607,-0.5094055793688321,0,3
2.710547257875591,-2.690504006704023,0,3
-1.2222117158301904,3.1935448818296877,0,3
2.2059928967347764,-1.114910718962969,0,3
-5.518851586392067,1.2352316712377736,0,3
5.431911799809879,-1.379223650366346,0,3
-1.0221127381907236,-1.4424598187191706,0,3
0.5888371245083364,1.632932867246629,0,3
-4.335212722177703,2.305024039130082,0,3
-5.700663765522856,0.4931854548880017,0,3
-2.3924072124608693,2.718329780477369,0,3
1.671644695772986,0.2141198757303453,0,3
4.71543304450029,-2.005522124549337,0,3
2.7204003160159997,-2.930512269054991,0,3
0.6937152714789461,1.7429310492121033,0,3
-5.779222047090974,0.5397978645738801,1,3
-0.6490432493398646,2.671372680729669,1,3
4.487046158638557,-2.419909938454296,1,3
-6.003405749936563,0.5312366219046645,1,3
1.3668489912879735,1.3052743713200465,1,3
-1.2579891682565567,-1.3605606690586538,1,3
-1.5660815215622095,-0.003500208198264354,1,3
-2.117391453000095,1.1405520277908292,1,3
3.7497269350729967,-2.4931689270992807,1,3
0.04148250297294487,-3.1251758812123156,1,3
1.598909580424623,1.1100811843578389,1,3
1.1164127760925004,1.9748153153355785,1,3
-5.511214616035322,0.9794610696861858,1,3
-1.259854954337105,-2.046647624614174,1,3
5.507724574907861,-0.4956433738448228,1,3
5.253697190599902,-1.3855890487383287,1,3
-5.956850614997019,-0.6149868269681582,1,3
5.2498164941939045,-1.106743273521118,1,3
-1.5268869432592016,-0.9371816544421221,1,3
-3.9286402000593075,2.9045029698677003,1,3
-0.004218191832523921,-2.3532550688719684,1,3
3.7740042162878877,-2.657240235113505,1,3
-5.1564387630857516,1.7641186727780016,1,3
4.8761891618120465,-1.6862031240897548,1,3
-1.5236959408672854,2.9741880299237757,1,3
1.2964237919252075,0.9192932379685896,1,3
-1.5972533047114106,-0.35459438467495485,1,3
5.7952750426205055,-0.10335175217227244,1,3
-1.4619208606977814,-1.0159266212716678,1,3
5.591050337049663,-0.014581799502181081,1,3
0.5356048039662764,2.1795051746027703,1,3
-0.30306375768956073,-2.032282035228965,1,3
-3.224323111386667,2.6758918585975495,1,3
-1.722551429655198,2.771632933895981,1,3
-2.54262319289646,2.4128139877752828,1,3
3.5554550676937833,-2.9876947311587796,1,3
5.556461268991258,-0.9872121634732856,1,3
0.6412227595696893,-3.0670894271833364,1,3
2.2791948872344525,-0.27210237527996106,1,3
-0.4837652734027995,-2.139717547992187,1,3
4.122541558664034,-2.2476889578792045,1,3
-0.8963075580952333,-2.036330941512377,1,3
-4.969027423044069,1.1663465868687148,1,3
0.28114639388340956,2.6854723480636666,1,3
-1.5803015079611376,-0.6253305875695759,1,3
3.7123338657421634,3.721360736150169,1,3
4.4048678229612435,4.958886630677656,1,3
0.13610878633125356,0.01819553624639525,1,3
3.579542147601302,1.7995671693331818,1,3
2.4236025270924397,3.5495120332332135,1,3
4.680064101810796,-1.9440581177815703,1,3
-1.4930045683206714,-4.872216721909572,1,3
0.9393616919540877,-5.568692714439095,1,3
-0.4128237824104781,0.5117356164909195,1,3
-2.561504974460587,1.089999126828129,1,3
-5.633997000731407,-5.551821735009427,1,3
3.871206727915899,-1.6777123030648458,1,3
-4.475273848177382,0.26691912065765244,1,3
3.23992263718333,-3.410147670037882,1,3
1.4746857098280035,-4.975830420074784,1,3
-5.379819345976708,0.3762555788177764,1,3
0.48762145932127865,1.6491588179784786,1,3
2.7130960046719395,5.710224953550416,1,3
0.19560417961434418,-2.1245223247050484,1,3
3.5422343372244445,-2.7500129848551094,1,3
-0.7323429515323667,-5.058523423892808,1,3
-5.69579107901451,5.551780976135101,1,3
4.03176144614647,2.351690473124375,1,3
-1.0925646670287614,-3.9204681591498507,1,3
-4.122755487946968,-2.997085222024856,1,3
0.5907199764734461,2.5751510724007485,1,3
1.9223685206127747,-2.640793236648686,1,3
5.45838336795833,2.854763000349223,1,3
0.6522486301368087,1.3406489548122273,1,3
-0.9647992508665215,-3.0272281259861105,1,3
-1.728327856184861,3.09415332557243,1,3
-5.82727813644293,-4.607128313917006,1,3
-5.447968295738967,-5.511254372172358,1,3
4.265527008132086,2.4438943125602837,1,3
-0.3099140509520977,-4.825990072187983,1,3
-0.10060949859801127,-0.3183387506332114,1,3
-3.921577561079818,-0.7937802091443231,1,3
-1.2179431872315192,1.3902011766265971,1,3
1.621123810411726,-5.456351882735466,1,3
-1.5046486244823454,1.5103189885708366,1,3
0.03763510296105288,4.277878094259867,1,3
1.9043235794273397,-4.044786875022844,1,3
-5.153175031194841,1.7090313384757874,1,3
-5.681864273500539,1.0293069752815596,1,3
5.2827628970994915,0.9056901345105475,1,3
-1.7564383361369251,6.310000289738826,0,4
3.2479151853596715,1.3812187787585124,0,4
-4.8157390338058885,-4.816076715293163,0,4
-6.186829429645208,5.126466040849093,0,4
1.4156101644049233,2.913016089144637,0,4
-6.711817079858766,6.578737930267921,0,4
4.654196971205904,-4.027252450504134,0,4
-4.454450459100592,-4.432336862051926,0,4
-2.740608598566472,0.34659004285132977,0,4
-0.9527697390103793,-2.9227920372274134,0,4
1.5659405261133126,-5.0470859508714145,0,4
-2.909974920506946,-1.8709341938883162,0,4
-0.615020220961497,3.9924634595021904,0,4
-4.2045670497829635,0.19928213779056247,0,4
1.2938039640685945,-6.349694221920032,0,4
1.5056279266201371,-4.612662268377918,0,4
-6.089277698206087,6.284397521546666,0,4
6.518848463043831,4.317562873630456,0,4
-2.73540723157281,-5.632590403910626,0,4
2.5792623711701967,-0.8378650876455818,0,4
-5.291464712173097,-0.0675232584422174,0,4
-6.5185607043869425,5.730485629102949,0,4
-3.377080257599763,2.2753119809557476,0,4
-2.636044934748247,0.2809522964893514,0,4
0.6539439108059151,-4.412037622642622,0,4
6.574184788703819,3.8518595270556037,0,4
6.152985181898647,5.527582905987083,0,4
1.370599703355192,5.906239290323636,0,4
-5.761104971273127,-4.256239926131967,0,4
-6.366817955252467,-2.4453753693142994,0,4
-1.5585179443472519,-3.201113555165457,0,4
4.602325128127011,-2.0054534262897503,0,4
-3.0669168643766693,0.5977451642154785,0,4
-5.0270608503533225,4.230757730556555,0,4
-5.956290988483208,6.816417112407242,0,4
3.811426770153204,-4.217980458521586,0,4
-6.922690360269566,4.416459998367678,0,4
2.8960028138666396,3.2061003525738223,0,4
3.7977848536032406,-5.963374875722735,0,4
-1.9814798003801835,-5.377833166648184,0,4
5.083447962258309,1.7261737755858109,0,4
-2.3674276520629114,-6.110183095995669,0,4
-2.646247495980729,-2.4474334916255414,0,4
3.214486496732897,1.9258045989729837,0,4
5.420978396068572,-0.38899104773270987,0,4
-5.325680556863777,2.98542702112193,0,4
3.650990680636564,0.8578807659729473,0,4
3.793540519363854,-0.0868616508985296,0,4
0.3182596113479168,-1.0144257429803052,0,4
-6.644132225582667,-5.489520022093737,0,4
-6.55999140038572,1.9097457576929255,0,4
-2.599016264931427,0.11998967630583879,0,4
5.705930634965302,-3.509908791915751,0,4
-1.2546390775011838,3.5777159396026814,0,4
-3.7968256831172855,-5.922281262396898,0,4
-2.943479659207248,-4.742901978443938,0,4
6.015767132796023,4.313685313901837,0,4
1.8676525911459285,5.200448262628048,0,4
4.251409076587603,-4.388019175595498,0,4
5.495825978859688,0.5507913868191101,0,4
4.304162172296875,5.545278198928905,0,4
-2.5479513503939057,-5.459273056612526,0,4
-3.8089077244128164,-1.0204909592324116,0,4
4.452206722914903,5.050228165588808,0,4
-6.90267017256333,0.15046223608592024,0,4
-1.1562459559170941,-3.8904906534097767,0,4
-5.321884857328441,-2.2733876003492086,0,4
6.200735854775268,-2.475158951709427,0,4
0.2630687044071254,2.84226542453249,0,4
-1.9091855666898843,6.604949158093449,0,4
6.474262129189557,-3.475047858444902,0,4
-0.03852091750660369,-2.7877036625652245,0,4
-3.0122330787154534,-6.48358273703654,0,4
1.5339006757185558,0.03750632520406083,0,4
-6.279297482500149,-3.09894950068744,0,4
5.715722403533151,-3.646133530662386,0,4
-4.971471790722877,-0.1476613561141178,0,4
6.79910635754841,-3.6112261988389944,0,4
2.4098976636822997,3.662674614602046,0,4
-3.6730743841064046,3.195028880566034,0,4
-1.8510361419304548,1.8522816283101127,0,4
1.8694159506525259,0.5008455770466187,0,4
-5.735943219238283,4.694234938249331,0,4
-2.5090790903956983,-4.388740854402041,0,4
-6.429148018233305,1.2725012046353854,0,4
2.485901065791954,-6.767770395010014,0,4
0.1693028161899337,-3.8290591472288686,0,4
2.032419065732298,-4.55886999393012,0,4
2.6731283334345233,-1.5857051517924763,0,4
6.1142198423142835,-5.0747067819560945,0,4
-2.225071085296381,-5.4113707026317535,0,4
5.9457106558998785,5.282750947333734,0,4
-3.3888172119878215,2.2397766444785066,0,4
4.441110802817022,0.7728113623924726,0,4
0.4151080969840908,-3.6140679273936764,0,4
-5.696561250717411,5.561020611346574,0,4
5.605852800286627,1.8634204018257512,0,4
-2.2535829253181907,-2.1110659554227476,0,4
3.163379504183351,5.559543639336079,0,4
5.419209939711642,3.918257642006734,0,4
1.9884430461600286,-5.822040490069316,0,4
-4.737198002675408,5.57975863937911,0,4
1.490006835234259,-6.871241277367185,0,4
-5.579398399875551,2.2890247675127813,0,4
-6.929137826152939,-4.748687280155019,0,4
0.6822730511322057,2.6865327676977055,0,4
2.1274576330364074,-3.8602296675521632,0,4
2.9705090988655023,-3.678512775044799,0,4
-2.444404225770252,3.4508796716523378,0,4
2.0948605866610053,4.889127746918491,0,4
2.2065804922048073,0.9563204466966027,0,4
-5.688553250406706,-1.8519787571679307,0,4
-3.2871668524558437,-3.58414499269283,0,4
6.622147766534238,-1.4966318546653543,0,4
5.488651772479586,1.8359407639616805,0,4
4.127358249583078,0.03691930347268957,0,4
1.0766543847690275,-0.1047522865359054,0,4
-4.266598170827377,3.1143296136610745,0,4
-3.069186925828019,-6.659576469959646,0,4
2.036612142700349,-4.520450488301314,0,4
6.166420180940801,6.355000078036223,0,4
5.808101463086279,-1.8177781964237785,0,4
-6.783607368595856,5.996459876228156,0,4
-1.0054219235575994,6.533167466611374,0,4
6.49067967924954,4.942132376543041,0,4
-2.8777155110258006,-1.6086317995730464,0,4
4.915913401235997,-2.5630919278121125,0,4
-4.627101546394705,0.7952176744169022,0,4
6.1061668382509335,2.7444171534496222,0,4
0.9808563812511095,-5.63952908720924,0,4
1.6101011737883764,6.860753901459686,0,4
-5.038823786688663,0.2566151330923143,0,4
5.283223006991376,3.3707606485588624,0,4
2.7582203739337516,2.8347771758195295,0,4
-1.9671238829234277,-2.889714180297093,0,4
4.331056176699191,4.3415875255085306,0,4
5.139012460121451,5.785367735790598,0,4
0.15879358405312916,0.021228125620794458,0,4
4.176132505534852,2.099495030888712,0,4
2.8275362816078466,4.141097372105415,0,4
5.460074785445928,-2.2680678040784987,0,4
-1.7418386630407838,-5.684252842227834,0,4
1.0959219739464356,-6.496808166845611,0,4
-0.4816277461455578,0.5970248859060727,0,4
-2.9884224702040183,1.2716656479661506,0,4
-6.572996500853308,-6.477125357510998,0,4
4.5164078492352155,-1.9573310202423195,0,4
-5.221152822873613,0.3114056407672612,0,4
3.7799097433805517,-3.9785056150441953,0,4
1.7204666614660036,-5.805135490087248,0,4
-6.2764559036394925,0.4389648419540719,0,4
0.5688917025414912,1.9240186209748917,0,4
3.1652786721172617,6.661929112475485,0,4
0.22820487621673435,-2.4786093788225565,0,4
4.132606726761852,-3.208348482330961,0,4
-0.8544001101210945,-5.901610661208276,0,4
-6.645089592183595,6.477077805490951,0,4
4.703721687170882,2.7436388853117717,0,4
-1.2746587782002217,-4.573879519008159,0,4
-4.809881402604796,-3.496599425695665,0,4
0.6891733058856866,3.004342917800873,0,4
2.2427632740482375,-3.0809254427568002,0,4
6.368113929284718,3.330556833740759,0,4
0.7609567351596096,1.5640904472809314,0,4
-1.1255991260109413,-3.5317661469837955,0,4
-2.016382498882338,3.609845546501168,0,4
-6.798491159183418,-5.374983032903173,0,4
-6.3559630116954615,-6.429796767534418,0,4
4.976448176154101,2.8512100313203312,0,4
-0.3615663927774473,-5.6303217508859795,0,4
-0.117377748364347,-0.37139520907208046,0,4
-4.575173821259788,-0.9260769106683775,0,4
-1.4209337184367719,1.6219013727310305,0,4
1.8913111121470132,-6.365743863191376,0,4
-1.755423395229403,1.7620388199993093,0,4
0.04390762012122784,4.990857776636512,0,4
2.22171084266523,-4.718918020859984,0,4
-6.012037536393982,1.9938698948884186,0,4
-6.628841652417295,1.2008581378284862,0,4
6.1632233799494065,1.0566384902623054,0,4
-1.5656210331086933,2.0060350581929445,0,4
-0.5844595331187672,0.6386350504230891,0,4
6.180507322871352,-1.5945630707891605,0,4
6.456667893534799,5.674908987384892,0,4
-4.25892411294985,-6.028941787747684,0,4
-5.589107980716027,-6.744894440878304,0,4
-5.677798549417003,2.5620948278289957,0,4
-6.003358921556794,-2.5343411758873415,0,4
4.828254353572364,-6.674192899698438,0,4
4.402558756245101,-3.054033153172401,0,4
-5.345692413296812,2.7543203150981093,0,4
1.8051998549183759,5.2846081893787415,0,4
3.2909946132544006,4.24873302538788,0,4
-3.051515984001709,-4.51584638708388,0,4
3.5086065229720167,4.295686349741696,0,4
6.867071988009426,-1.2233525232400293,0,4
-1.7917467989010356,3.869781450387956,0,4
-2.22875043645775,6.030602558449906,0,4
5.017778525802165,-0.9940836167497431,0,4
3.512194949080963,3.563600237185553,0,4
-5.5562658362969435,5.635740693513934,0,4
0.07353321427000004,4.5704045255083825,0,4
-2.5193055855714355,5.537325198946807,0,4
-1.5511764977217164,-6.848272879275823,0,4
5.675347669869691,-5.72198652499413,0,4
-2.529609073734192,6.300867538711269,0,4
6.308500057125785,1.0281304337260055,0,4
1.8457209703771897,-0.7217626923035232,0,4
-2.8950491962270966,-2.3986963648211765,0,4
2.4152583850785376,3.5332434121275202,0,4
4.08210661216188,4.0546539991237545,0,4
-5.723114557318334,-0.07811573416385942,0,4
-6.1941773597669805,0.6934043525322975,0,4
-0.8185729807727218,5.4278585586161965,0,4
-2.087189824270898,-5.361061770013518,0,4
-4.998116451260298,3.6611488440446114,0,4
1.6550528864276548,-5.584282534280937,0,4
-5.8225047143900355,2.81356784042768,0,4
-5.981317910901291,4.506040830064987,0,4
2.8873911801909466,-5.861117071013403,0,4
-5.812272002807314,6.812954099016457,0,4
-1.7602088594143155,-1.8110099410635272,0,4
4.3791939416050365,6.261480083374022,0,4
6.8040148935201925,3.5472945936251827,0,4
-1.7323658025671793,-5.830989966218637,0,4
3.8800568229841153,0.8176594963012707,0,4
-1.060891870542332,5.688961391326304,0,4
-5.443235247713881,-0.1032485399279719,0,4
-6.841048973256133,-0.4387510120822322,0,4
-6.211754140454277,-5.336549172246993,0,4
-5.354632545120531,2.08894422962489,0,4
3.444628309715926,1.1671627113602348,0,4
6.470415678643587,-1.7518118866681431,0,4
-3.0000307920539497,5.1603877946524435,0,4
-3.869658260727663,6.485115552168558,0,4
-6.829837354342571,6.578303573906947,0,4
-6.395761232691934,5.4760035917729954,0,4
0.387815527208198,6.901507145670204,0,4
-5.9668480937044155,0.753959981618491,0,4
6.570235498667385,0.32336981838208345,0,4
1.8115809338936755,2.7404816457846404,0,4
-0.6364250932511748,1.7858131211768882,0,4
1.1804003669234033,5.6162121468738455,0,4
-6.36375067521959,-3.0665153457087753,0,4
6.305760777071822,5.463692974472829,0,4
-0.6208054610000189,1.6818563692215143,0,4
-3.1166634382641423,-4.366303763867341,0,4
-0.5082223308402498,-2.0530688076352606,0,4
1.171185565912209,-5.911715082490212,0,4
6.641527307326331,6.80695042271444,0,4
2.774263996276432,0.5053491288176855,0,4
-2.666613371991412,4.393130275897281,0,4
2.5862364157543096,-4.723362849171522,0,4
5.7529805829137945,4.515521400924365,0,4
6.297198786086937,3.1600731174370393,0,4
1.587812743101058,-1.1445974919313358,1,4
6.058198766956186,5.124894453005717,1,4
-6.366938618513348,-6.630862357038472,1,4
-1.7295128637073056,4.347746630945661,1,4
6.821865810409222,-4.894163524550605,1,4
1.3178300149298918,-1.6675280071656988,1,4
6.578801569404445,4.789664923899922,1,4
4.7366018659559295,-0.43829576287041605,1,4
-1.1925269672726875,-3.1723009929701127,1,4
-6.21074304688702,5.106113267570745,1,4
4.380614127821086,6.996047426005829,1,4
6.952915719034675,0.7760438784367842,1,4
3.765823812527147,6.226720218353992,1,4
4.895063469483761,-3.5371265755952326,1,4
-0.6923821056586907,-5.19176818787907,1,4
6.356714381622114,1.4864448823123206,1,4
-3.799000722951522,2.403809581681994,1,4
1.6537953664105416,-1.985721947540233,1,4
-5.410193709205194,2.402024738299194,1,4
0.28430781265310623,3.8124574842989505,1,4
0.2822890155679074,4.9305410044595614,1,4
0.7266957428427976,0.8531316014954078,1,4
5.27315043721683,-1.3512398730264414,1,4
-5.12378680169103,-6.597042531613255,1,4
3.571921579430666,1.6843337189485053,1,4
2.85711675338913,-4.0185017388752495,1,4
-5.090799341785223,-6.796374680649653,1,4
-2.0917741767076423,1.2588476159648632,1,4
-1.5085833686037475,-0.8753510916677931,1,4
5.658221722912478,-2.1244234616737954,1,4
0.19585284823735116,3.9711421783760033,1,4
-1.4484010475022178,1.7092138031902289,1,4
5.073091922454433,6.29328873120699,1,4
-4.9409712669934684,5.972226752260921,1,4
-0.11037189688646531,-3.384578563814583,1,4
-0.5720994126643417,6.720456053996679,1,4
-0.10334668409982561,-2.397477455974885,1,4
1.8676119604341608,-3.6379613371052972,1,4
-5.937913406478705,-5.19568389325091,1,4
-5.207358254591186,-4.873362290827879,1,4
-5.0564195829082585,1.9722464272450044,1,4
-4.453678818411973,-2.160658033465915,1,4
5.555037738684166,-0.36453703631978707,1,4
2.3458083392943805,-4.587521803177182,1,4
-4.307953736678609,-6.427839372269296,1,4
-1.341960885521737,1.7194586213082381,1,4
-0.5009653141018005,0.5474014717912192,1,4
5.297577705318302,-1.3667683463907085,1,4
5.534286765886971,4.864207703472765,1,4
-3.6505063825284427,-5.1676643894980145,1,4
-4.79066398347088,-5.781338092181404,1,4
-4.86668447092886,2.1960812809962817,1,4
-5.145736218477252,-2.1722924364748644,1,4
4.138503731633454,-5.72073677117009,1,4
3.77362179106723,-2.617742702719201,1,4
-4.582022068540125,2.360845984369808,1,4
1.5473141613586083,4.529664162324636,1,4
2.820852525646629,3.6417711646181825,1,4
-2.615585129144322,-3.870725474643326,1,4
3.007377019690299,3.6820168712071677,1,4
5.88606170400808,-1.0485878770628823,1,4
-1.5357829704866024,3.3169555289039625,1,4
-1.9103575169637859,5.169087907242776,1,4
4.300953022116142,-0.8520716714997798,1,4
3.0104528134979684,3.0545144890161886,1,4
-4.762513573968809,4.8306348801548005,1,4
0.06302846937428619,3.917489593292899,1,4
-2.159404787632659,4.746278741954406,1,4
-1.3295798551900422,-5.86994818223642,1,4
4.864583717031163,-4.904559878566397,1,4
-2.1682363489150216,5.400743604609659,1,4
5.407285763250673,0.8812546574794329,1,4
1.5820465460375912,-0.6186537362601623,1,4
-2.4814707396232256,-2.0560254555610085,1,4
2.0702214729244606,3.02849435325216,1,4
3.4989485247101832,3.4754177135346467,1,4
-4.905526763415716,-0.06695634356902236,1,4
-5.309294879800269,0.5943465878848269,1,4
-0.7016339835194758,4.652450193099597,1,4
-1.7890198493750553,-4.59519580286873,1,4
-4.28409981536597,3.138127580609666,1,4
1.4186167597951327,-4.7865278865265175,1,4
-4.990718326620031,2.4116295775094407,1,4
-5.126843923629678,3.8623207114842746,1,4
2.474906725877954,-5.023814632297203,1,4
-4.981947430977697,5.839674942014106,1,4
-1.5087504509265557,-1.5522942351973086,1,4
3.753594807090032,5.366982928606305,1,4
5.832012765874451,3.0405382231072995,1,4
-1.4848849736290113,-4.997991399615975,1,4
