feature_1,feature_2,feature_3,feature_4,feature_5
1.545127417660606,-0.4582348885937946,0.6646992901353831,0.3540973172517396,1.211309108530971
0.6914487050331047,0.6468158336391062,0.16457708160744927,0.3920069296525588,1.012542436861749
1.2100691546620514,1.3880381301527098,1.2129493368988835,0.8379461608141796,0.5767459325870002
-1.1024970866585133,-0.09758571668500601,-0.8942587395029635,-0.3001754770695411,1.044005775586081
-0.04818377096507994,-0.4519440493663481,0.15471323676066737,-0.06973621705657364,-1.1134423193989509
0.241053400071344,1.672800489939433,-0.08048141597887368,0.728043349466955,0.4712932739239683
-0.3918748705740962,-1.4447354204344758,-0.270419665551127,-0.6817270557999804,-0.34875291504582223
0.6326873423557318,1.2571421688137214,-0.2775181219006601,0.6482872784618531,1.475046157070184
-1.6908442761960931,-0.9894522876634723,-1.9764514103178676,-0.9723706892061805,-0.0867106169098805
0.3783597808541577,-0.7730445777924007,0.6828444814783851,-0.17142614438981274,0.13255421171272802
-4.851670146363769,-2.9861891863536965,-4.416314330788436,-2.716960320550625,-2.1248143800233787
-0.9797376846471021,-1.6276091944778368,-0.8534130880411547,-1.0435820662283632,-1.1797370103852418
1.2910210832805957,0.4813267786624133,1.3005989007382708,0.6264305029993193,0.0993666491346376
-1.5920172356042968,-1.548364767475375,-1.0844578300356846,-1.0708921693370537,-0.6225431868024833
0.5790204603500793,-0.0161104262459862,0.7201899683621269,0.3111922921212253,-0.2120579015469858
-0.3229403028232179,1.8036914259598742,-1.16813114290614,0.5707197502388888,1.4187234689585373
-0.30987647601133567,-0.4000992815317904,-0.9668239076323943,-0.26785934083958546,-0.4241585295849449
-2.0810266457263515,-0.9667077814696545,-1.54003712605664,-1.0935638667735486,-1.7506474463975596
-0.4395494669105459,0.3303688663572419,-0.2264903417181687,0.02813044229275423,-0.13591245097495075
0.024497878436706307,0.7485175709784351,0.1292402276472599,0.26315307500186347,0.3087400292570522
-1.645871528942839,0.09000064703653192,-1.2648797334841817,-0.5894248282061539,-0.244342712440744
-0.9829617579217845,-2.765939955153498,-1.273154255604309,-1.248664295824121,-1.1467714845039843
1.2188341798615017,-0.5433002217445263,0.8946471539686928,0.17348480145141953,0.7125010974252429
0.3901449779516364,0.41218673238423903,1.0583893634967854,0.11741156418182,-0.42393267074910174
-0.8392313262415954,-0.4402901466850899,-0.882687452046555,-0.43142583426617265,-0.6265389956799847
-0.5668591792101014,-1.4955870393309991,0.021270728395667116,-0.4823455334226272,-0.4502626815677693
-0.15403868434492748,0.8571898018380337,0.7166074899674898,0.3370779728633636,-0.07878347104197858
1.5708864030468939,0.18134958762377001,1.1741220068703369,0.6504218310752776,0.8375182529512106
-0.5977876200845587,0.1615007894471708,-0.8267713032043672,-0.05427018565293662,0.9699549072578161
0.6418076026760008,1.7848241873453208,1.0579910222847533,0.9393310887522479,0.6582712638831412
-0.4295887513031391,-0.7150205984632068,0.15371142300456503,-0.5734808692229455,-1.015557296950499
1.084744159680983,0.36211121786121,1.5974325974088832,0.4664113484844681,0.22767585454577452
-3.911472213317346,-2.5934904213489878,-2.946058810724267,-2.269874504267619,-2.4926914257892414
-1.3379529112966664,-1.0772566053386288,-1.1196275686366175,-0.7169019192081638,-0.7653428810082837
1.1667112347916184,-0.24837651094017393,0.6983999269079527,0.1907784828600323,0.33578610799012
0.7905032600407494,0.04593657081587637,1.0702767128890576,0.42491307747296175,0.1764179139872938
-0.37458934771791397,-0.1275006755977825,-0.867618207654984,-0.036103580064532174,0.5977472091066279
-1.5340443845214142,-1.020827300658281,-1.8769760004711222,-0.8967993283484291,0.3064278525211806
-0.4882077542356009,-0.555211997208465,-0.08749367994349407,-0.22442355454461618,-0.1969387816460577
0.5992111355928965,-1.108994901031013,0.5502958675353576,-0.19986018307541614,-0.1664212510147016
1.2163932891492106,2.1190572365301517,0.41912739599109106,1.1829013217042927,1.399291137086507
0.2736776045868601,1.5412284278453652,-0.42902668606893274,0.6905866341422612,1.2211426667346803
1.3987561189098394,0.6803000872158226,0.6282034832072485,0.7661368014681196,1.3801333707091
2.66945053339778,-0.6354115406789419,2.6363078989615536,0.6446215381926266,0.7461790775806303
0.4531330504275003,-0.574740998244828,-0.06779059926300038,-0.07941143059649232,0.11880220194385022
2.4146302543595155,1.7958996171872978,1.2219041478208423,1.4078430519318483,2.0847779669895803
-0.9192498346720827,0.28336823057432065,-1.1962365344256332,-0.1437352358081783,0.9907241486102734
-2.092971993036648,-1.5372528487281454,-3.0897156404165957,-1.2595238667153015,0.02061155679374972
1.0872770179801683,-0.7849138155727559,1.1153145976048897,-0.08179234563793321,-0.7651923346222356
-1.0411576218661656,1.6269455715777106,-0.4522029610257879,0.35654952874872103,0.6309978014983605
-0.2930210753823496,0.3465424323125983,0.24768837760277193,0.006247015622478703,0.611584389444713
-1.3637155593061345,-0.9119967178421646,-1.0945477297687682,-0.7519881108314136,-0.44212022119588174
2.5158710793731927,1.4544800469119308,3.338035443114732,1.272962417993583,0.8135219770269573
0.07984069383395818,-0.3035857486343348,0.09549094001065002,-0.05293670537223318,-0.33990150212646736
-1.4608064791419553,-0.5304042544171805,-1.2229018331730641,-0.5303194829266613,-0.6983843476672432
-1.6515570037949139,-2.004786907330899,-1.7134938477208126,-1.1045628532771687,-1.0234936565757788
-1.1766116128532111,0.40522807071124717,-0.8947151907648659,-0.2750707272651931,-0.9217423913658749
-1.1116200483772423,-2.062241667850899,-0.539161128695395,-1.0691216841377915,-1.6931081380463138
0.04920797287131256,-0.41260178671212683,0.7036200752462619,-0.21358576144462554,-0.4858490913595644
-1.6623022885629377,-0.6553179353799585,-0.7506435441004299,-0.7039055881930484,-0.46653082629812004
2.6601616344382735,1.8569800347167427,1.5001512900339005,1.6409658227750357,1.7514838702362654
-0.9053654622890993,-0.3379435225953581,-1.4453992185398057,-0.12649997780908817,-0.4300521148685627
0.6426865366458626,-0.3336766618690251,0.8746095540030159,-0.01359477578901304,0.2779532435505809
-0.03852874718915447,-0.8260367223087107,0.06459370188158418,-0.39004911341899834,0.09725244475564881
0.6800091531056138,0.5310282638419402,2.0852643533754223,0.2565383088789044,-0.6961486986714626
-0.4214339016645982,0.3777417609330763,-0.14904218373400066,0.05517524634036074,0.44111613476274736
-0.826707433632365,-0.12508796635884248,-0.4081883549260909,-0.33821346294338667,-1.0422724625457787
-0.4400021409231867,-0.8546056573254636,-0.6069865347848469,-0.4341655455790157,0.08677785290606146
-3.310418770663988,-2.6759667006595595,-2.113451445896969,-1.9259140691778356,-1.6850765498941984
-2.0910130063743617,-2.227830662643779,-2.582618492666409,-1.2885771339857002,-1.0295517405055223
0.3137130974463972,0.7520127371980518,-0.9899672340883916,0.25571361645285173,0.8456282377707247
-0.24004826666521625,-1.094212194968106,-0.17714666165039897,-0.31828951367916125,-0.026823554253134953
-0.9713540271511404,-0.6724539122158726,-0.9223862673630904,-0.4985565444641657,-0.4950786095683228
1.5166127372831735,1.0150879446801733,1.5330195588580833,0.8470345168141517,0.6231728692132574
2.975506584637986,3.250992625743851,2.4372673585123517,2.1240961664126057,2.048673549019331
0.24960599482530513,-1.2685915615329808,0.3217480049580902,-0.5568821127073523,-0.785258049269781
2.0663872824724425,0.8609739433121082,1.9301890529299843,0.8167861485864385,1.324313926466989
0.867401336555904,-0.4899821462533993,0.15568910585887055,0.29467392481647464,0.9100606881932587
0.3835242336926691,-1.1539380987189987,0.23792933186501206,-0.40849848706878356,-0.2021088009454302
1.1041712918557847,-0.837546713491851,0.8761056354400908,0.01466330520756926,-0.16999027148568194
2.994571806388298,0.768018834514599,2.626252128361921,1.2239562725269006,0.9119971708996597
2.9085512339417727,2.2346942193849166,2.221509634979013,1.73418241874635,2.3583130133126136
0.43676401037082535,-0.3415121028546546,0.23836087447393908,0.051872559998224384,-0.6495903759145366
-0.47891218074819397,-0.66141765503435,0.3473076292268884,-0.43184221162675573,-1.3269733944198254
1.7658857026343504,0.6284871300444832,1.399723894045809,1.0135745919244583,0.8156064456242186
0.3088211606704207,0.7927160480731846,0.10161343603032626,0.3424975635681562,0.1262486625110882
2.184785515180718,1.7110941006195939,1.2452398463564336,1.3573394123246776,0.8131828251772847
0.2830779813494811,-0.7142725849468183,0.12767523781627216,-0.24917219020078174,0.31671421875255396
1.134020663134574,0.575668033177064,1.1095924307582374,0.8401021098323505,-0.09060951311522643
-0.34735092930788247,1.4019715175061995,0.5420819552972073,0.22428308478299727,-0.24712320015016034
-0.006131157365870804,-0.3583259942362733,0.6703457387910976,0.002480168153525483,-0.7893302558154749
2.8634915918247406,3.4582269972828605,2.6082867640165612,2.117977850854062,1.6914021865579145
1.0822923241291853,1.788078539960861,0.9969984979642645,1.0046745902771927,0.6811325503572421
-0.6212262530846265,-1.810185097458363,-0.7668104640861728,-0.8129909139004132,-0.9482566143871148
-3.155360159964399,-3.0855416749181024,-1.9648341135209748,-2.198105856650938,-2.058179902749371
1.2795937824231052,0.30917164004987335,1.4772782965885765,0.6298105212041036,-0.8703295983720264
-0.02782491531295291,0.023808344606673082,0.058441305966513445,-0.05094120709445821,-0.2437180925796854
0.7561937888328135,1.0715509269287666,0.48491383162583196,0.5828313523320646,0.33466061740958003
3.668365146389577,2.215090018239437,3.235298051224417,1.9535815510677654,1.5927882388215802
-0.7957175121657594,0.27636226117469587,-0.5286711446558795,-0.14219701749741984,-0.016708379724046624
-1.8934035950052146,-3.4568525247736877,-1.8466679612671586,-1.8634844292230217,-1.860882921242653
0.9019690473724555,1.7915403022891054,1.7427265491442836,0.8458508876926268,-0.5259448597455092
1.9163577229602247,1.4541041631269673,2.4832755037359835,1.376545919882546,0.33210976529571834
2.0779704490870636,1.966140152938432,1.8145209009832495,1.4440788137946823,0.9581182874901224
-1.6590529313556366,-1.4325711485331232,-0.43120768060856096,-1.3263842754607822,-1.0739605453942023
1.3389073756600716,0.9456764752518927,1.3788526627951851,0.908621123458346,0.7500043689249359
-0.00121539088903386,0.2468989111979489,0.3899674518287027,0.020316400310197956,-0.11803131255954921
1.1141359544078888,-0.26393688129986204,0.15627955551878922,0.37615566966528485,0.10527336985165278
0.46224248526558387,-0.18792888553991552,1.0457609897343942,-0.06038628161837428,-0.14847154907545188
3.356283988924262,2.1089431234118816,3.100516256451122,1.816747497546458,0.5836695833205741
0.8014378975406204,-0.47143888899821346,0.5626393660553545,-0.015763049553687465,0.16476286101159157
-0.07512541519081417,-0.5594934910645546,-0.4853655512186916,-0.22936651472860317,-0.16659828003303037
-0.06278946138688916,-1.579533376583864,-0.11060112854490882,-0.6399190361391224,-0.5110849228909398
-1.289703950466204,0.41555476408123526,-0.6781796789283226,-0.25715558034681846,0.06662134184373558
1.0919502340064136,-0.4829132375449551,0.548506633301446,0.1457696144526393,0.32116537278823437
1.0455645556536917,-0.3188889798620663,1.1996560150294742,0.27813698166712203,0.5255461738039666
2.109922322466517,1.9521377821164767,2.1872430382515606,1.3629050492481374,0.550194292448342
-2.039209304702037,0.23409485804185887,-0.993569717160664,-0.29440441280062635,-1.057086253150753
0.5941380285527991,-0.3682348145970595,0.039083199287552405,0.08897436000963936,0.8776430482583799
-0.6519830674754599,-0.3232891252775833,-0.3714246914759512,-0.09007171994614518,-1.014579355446141
-0.4290638842882935,-0.32919310078097985,-0.010903407160627572,-0.0013186175320070558,-0.09686427576978499
-1.0444544704650307,-0.18456912202649722,-0.7504315858122986,-0.48338547671253274,-0.03083128907555598
-2.070287878982119,0.4583029225127842,-2.0777936172754945,-0.32993909079144285,0.39386869069457103
0.7132956891734469,1.8921251623537712,0.05779487760823557,0.9351860877098986,0.9698002640582607
-0.25516696472214817,0.5097797638744035,-0.8386489502225065,0.2610261860776967,0.859179176847734
2.375638253533698,2.487709473642353,1.4354390183275074,1.6575435262531728,1.8167499623645533
-0.09182211845803424,0.13611241377216776,0.21660376740311887,-0.08565173421116716,-0.3104860021709129
-1.2121980211146577,-0.7262437762495793,-0.5142188555622134,-0.8382886278630228,-0.03873630901911061
-2.970325949937104,0.7477077208680337,-2.8604996165547294,-0.7405689169383849,-0.7880826096797631
-0.2350760284362383,-0.3318843992302673,-0.06124417783134615,-0.13734037764222512,-0.3804459210287943
-1.632866695439685,-0.032210186651882945,-1.6212032028136223,-0.44915831232666703,-0.15980183897070413
1.1350060765773466,0.9271104405419375,0.7500109005264182,0.628318849819586,0.4963301020859983
0.08936963514705076,-0.15551971336510162,-0.4317755992307414,-0.019664300093326873,0.04231807016580343
0.3214949879818324,0.0453882985918642,0.899766139753237,0.1062848450596663,-0.5159207089901913
-2.4941324016431743,-0.9387008015005757,-2.509472052636481,-1.2570877500468454,-1.0947581324474884
-3.061879205921355,-0.9157458744513136,-2.4119914218598812,-1.5093028056661169,-0.8510155402100463
-0.8419929522444949,-0.2815871286422301,-2.1893276342924377,-0.43698228664181393,0.2690104829987091
1.034328112792759,-0.006537798743010161,1.1205727644124874,0.4623620180889933,-0.08479613956641452
-2.712175076284722,-2.523735888575096,-2.1566149518412123,-1.8900817349285166,-2.0867628747376874
-0.831497527055908,0.6289259456332037,-0.7675702714569675,0.012233867040630442,1.0947614807127788
0.9824717134229177,-0.28743946969019063,0.7674461928049573,0.06118929666054486,0.9171897391471904
-0.5249145378161244,-0.6427210206045286,-0.7921296817549991,-0.6477553276146197,0.05968950943514094
0.19062556314181012,0.7438022865307492,0.8401143797584535,0.10827750734968734,-0.3208548697671006
1.2934428092796937,0.3999235873720723,1.870632585600414,0.29577055238559474,-0.286462409461947
-2.9158166066170637,-2.1556745242931763,-2.602608129736532,-1.6061908691317008,-1.260783432909016
2.082764502352966,1.8682737989058282,1.6668289675408237,1.4653587026380936,0.5991562992484911
0.5651139841934524,0.12892565865861197,0.4794115544280034,0.4489144412757448,0.1751653992376218
-0.6119320697092357,1.0719463819174282,-0.6112873756251286,0.2500718418811346,0.6115014807999289
1.2635203414805871,1.2072030281570083,2.239611454459434,0.5928652228788236,-0.16986655231968836
0.5413465373053641,-0.45288062960162,0.9299472149401552,0.033101848888360805,-0.14508753297595087
-1.5152811865752849,-1.8627260022803835,-0.8027648484745183,-1.3473026639172112,-1.4494152057093934
0.31840656102092685,-0.46291187361004493,0.5376524957472969,-0.11452916353954919,-0.20210822308313617
-1.7127203309192531,-1.0178147870062808,-1.1751466915645696,-1.0855503995704825,-0.8231877637061829
-0.6955716959103895,-0.3238606515076638,-1.4005049310271656,-0.26856100505100255,0.5507847227934224
-1.48855715095495,0.8442346143800673,-1.22173170786844,-0.08357551055376114,0.42449793807722885
-0.7818516474669317,0.2960710290148214,-1.03870873730464,-0.1247874493978093,0.693677325505088
-1.674336488135292,-0.7697232452763846,-2.0714666621426714,-0.6085101670997263,-1.069369955504424
-1.2619933265724457,1.1796260094192328,-1.0635818301167292,0.13851261169611298,-0.27985703039419274
0.1312641821259904,1.1953023429217406,-0.06192550186229406,0.28367448389324157,0.028635917919212023
1.4782083343856924,1.779825775145692,0.7129428625487086,1.0367623306913745,1.5363976995593278
-3.2170126036075852,-2.4749865536672537,-3.055996090494504,-2.0758282134212473,-0.6816248393327515
-0.4501935983978384,0.420031438770519,-0.17644998130664027,-0.08012820372157907,0.009499311062060662
0.6578837056211412,0.7519739190096754,0.39729272042679814,0.5946638683606968,0.12871452534766287
-1.2605373666063882,-1.2042151483540275,-1.102336734586759,-0.8859920690980853,-1.1145772457350698
-3.0568065556655135,-2.8762318374536875,-2.123607814220987,-2.048642403704751,-2.3466100491682598
-0.25937440181486426,-1.284001756903789,-0.7204185713136954,-0.4864779826601418,-0.3340683030736456
2.2944454003919206,2.4362113888007726,1.1026538190128548,1.555218793082991,1.9706135578903465
0.49694063527055077,0.008939791670690145,0.039045211648539795,0.14895103321905306,-1.1426559979551465
-1.0058564999844353,-1.8598249503972826,-1.6591894215642984,-1.0978792773002373,-0.6327593660047052
-0.6158877737476193,-0.7727667978537258,-0.33287834527932214,-0.4496808100866115,-0.18829845113086857
-0.35391748811229823,-1.0698971428784763,-0.057431525629122786,-0.41094332728818544,-0.2839277425117111
-2.0793606932226405,-1.4102404264151132,-2.2958915316714212,-1.2083418460521385,-0.6581572557618837
1.1314661689036474,0.33598066151537986,1.0570635650038036,0.43281564613705015,0.47948600317242696
-0.07680384457186419,-0.035175014661477724,0.6913731197010978,-0.06693936602516642,-0.9167679958461219
-1.1533752690962704,-0.497134372956047,-1.8267120506901398,-0.46526839305784484,0.6501209635909501
0.6117894512321859,0.1338259082276445,0.913149561796352,0.03149298971728374,0.2173623750316944
-0.07831253371802159,-0.3590025751095325,-0.023433168999109903,-0.18808071024126105,-0.4210524628467273
-0.5439417743468733,0.5888363598533755,-1.3943641379768392,0.11626612797814047,0.9591169053367329
-0.44449890658525504,-0.041094490135012825,-0.9799374430883518,0.0016913633560413136,-0.3382139655353847
-1.915740461139924,-0.026628592171589797,-2.2782759042499467,-0.5638753570566916,-0.33929935655159343
-0.4726592487820648,-1.655210406932787,-0.2550246581638168,-0.7994999611117036,-0.2801355613202856
1.7475788528509701,1.0989340923774606,1.016483095372634,1.1707280868844057,0.9405380717814253
-1.341595693671949,-0.6364073680075316,-1.1414850199222972,-0.6224158016553085,-0.894560663845138
0.47136488782796304,-0.21378755296482202,0.9037450984972172,0.029265621312598522,-0.3126661670270712
-0.39267085493854414,-0.40355454242581884,-0.45298522330973234,-0.2230787905109835,0.273957521635553
-1.232360383836156,-0.24308891596969479,-1.0804008687666649,-0.43692814785302625,0.26394637591575976
1.5996299117363044,1.102613644916177,1.0012108913147453,0.7734231921048315,0.7821899920650002
0.3756004461538669,0.7983552250328754,-0.2422454981307153,0.5274966293381119,0.33090674171566803
1.1204732764216567,0.19738981461932617,1.3146859863626525,0.379803929989518,-0.09221318498051798
1.5113798884892382,-0.539058305969409,2.3367806544457808,0.07601848925272113,-0.6389840475140547
-0.2649919822669458,-0.6666080261144909,-0.271010559619937,-0.3372273728274011,-0.5472299377914641
1.1756309991863703,-1.0404529152243158,1.832067580162954,0.13509213848238213,-0.6803407092898832
1.1466854463396805,1.029158287943405,1.0878264351136875,0.7004247465990392,0.48103160756371843
0.6561313687363423,0.9762589446584501,1.30562401649001,0.5643598789478314,0.14989793841725077
0.62249280633442,0.675049202922584,0.19931077676702488,0.6712134459645211,0.5443653153428082
-0.164530015960043,-0.8604499820345543,-0.4126835946842065,-0.21226526974847104,-0.22766231726307043
-0.08219556107375245,-0.6630249936844855,0.5954907037059625,-0.28004300803700877,-0.3921650150414283
-2.8461339207000207,-2.204478896235299,-2.964284777486695,-1.6830543071133643,-1.4203014979398807
0.23361033139918375,-2.224690738239034,-0.6842615472699716,-0.7824607650991011,0.20163064097383418
-1.1896387116394203,-0.32994959074798136,-1.652319329232273,-0.41930191700366165,0.10838364122942011
-1.3446486855929836,-1.3714565263596277,-1.398673534706262,-1.121280078368755,-0.25339074701649617
1.100444682695016,1.2451167777540197,-0.10599255924319785,1.0444810105514684,2.053404706622167
2.1411902807947065,1.8657707161899615,1.518592528307875,1.4052318207258394,1.714452246662794
2.2678499862893293,0.3377707465955713,2.1183282807321087,0.7288171660025792,0.6318208780701637
-0.8804389616097011,0.3290885197434586,-0.25302805730745354,-0.19720606294474624,-0.7382700733065372
-1.949545667576918,0.09473675117724445,-2.634598604817946,-0.45926627742796877,0.15711966215513376
-0.2246857163451858,-0.6220034843073244,-0.803931658403835,-0.11193850616296831,-0.07073290479135018
0.6608845024308895,1.8090632827355184,-0.23796936661742604,0.9667340007260987,0.7888933712381473
1.1040712406892437,-0.5947622320854642,0.6251234932674331,0.07860920042683342,-0.2790077927136359
-0.3156675223329319,-1.4652551815315875,-0.2080926841470827,-0.6613049810775239,-0.1042673210906685
-0.17506002692353545,-1.070214728559774,0.35873366470628704,-0.5096029053477688,-0.8765556823799976
0.6574430559059382,0.8225657831185683,0.7686913428985822,0.374732656478551,0.08096921186639723
0.2630809454497973,0.1185738223535803,0.5656984285939252,0.12133037040013764,-0.2820397530542305
-0.23377366989938086,-0.8109221139208476,-1.079930036528645,0.05325096921869878,-0.10145538939193628
0.9957564379217312,0.9848541411615225,1.5031931300650745,0.6454729184016057,0.16042242607163884
1.1417066877035087,0.149331984130829,1.4322473311244124,0.2692668427808735,-0.0006201111253189194
0.8733663009729844,-1.4386985744293994,0.9577510850511362,-0.31405822315800513,-0.4294243095124735
0.19246463870996697,-0.33261673556651794,-0.2084313986714347,0.05592006457508074,-0.09487900889797943
1.7414348549275787,0.4281173535954726,2.3301553722815855,0.754544240087467,-0.1897757873793159
0.6770384300890362,-0.3856333666608176,0.3100247257219112,0.11379797675985431,0.6514907018424857
2.090080469869559,2.0483392137357184,1.4066310490256553,1.471980574526622,2.0493668575290833
-0.4751735446389147,-1.349866790169215,-0.019996628389132676,-0.7698077461946975,-1.0825911617623474
0.8384058912094972,2.6724045463037363,1.0196863469996436,0.9988298855608294,1.4486201718073826
-0.1391926077732779,1.3034322438368509,-0.19423397938324094,0.3474311382119169,0.5541275193416424
-1.3762245554513088,-1.4060132258581213,-0.1871321579943367,-0.9631224662951214,-2.361002164427688
-1.4528037018183282,-0.8913783172021493,-1.7488851555516147,-0.8913755202982863,-0.752199178823534
-2.133750111933964,-1.253340535882244,-2.9600290847271165,-0.9884499278357088,0.7544328879227185
-0.7614318327093134,-0.616854218264363,-0.9041134638865289,-0.37812618744972204,-0.16602469266540987
-0.35551075537340837,0.8516069488593391,-0.44134205714720426,0.3312770427944571,-0.024591914030242756
0.07110613982823911,1.6384533195917885,-0.11197606419573612,0.6761857794769975,1.5951282268818723
0.32526390247516146,1.6776569892930118,-0.12726007920468038,0.6194510144288927,1.0240324350856795
-0.0846030508016577,-1.7390945436581402,0.2928353788938106,-0.7782228000347386,-1.0716660517285976
-2.0527584631537423,-1.3280794633912532,-1.574093584055094,-1.0701909018274927,-1.1541227155155724
0.3097231333371345,-0.9934137338648408,0.3614484758949979,-0.21562701810121662,-0.5007454409529674
-0.7838599277974692,-0.11848774729307526,-1.5187567522572487,-0.2649512613323876,0.6046501232103749
-1.0103090198753797,-1.0476416426167225,-0.25884592028015885,-0.7995300453091484,-1.0107277333107887
-2.6299035443521133,-1.6389464537426788,-2.720768415441345,-1.1132095439918566,-0.9160437282298962
1.6990332301881186,1.264103390366073,1.8179122076556569,1.0181064973796707,0.31569100491075747
-1.5481760340071031,-1.8867747947576514,-0.2723169779358636,-1.0544515158684147,-2.095384054610653
2.3345177615077186,1.6821536241642878,2.2098124069575045,1.220558674255386,1.0908935787340899
1.3684165782723452,2.381516802573081,0.6868279299794227,1.3164117239933806,2.3336424012748567
0.49158717568777266,1.416727464472349,-0.4876478941321493,0.6513050909997486,1.1384254738938302
0.573695488865671,1.0130657631552489,0.7224672662217602,0.45886690607157793,0.20604961239395717
-0.7226721198085411,-1.490586451981578,-0.2201415352488394,-0.5523136959246955,-0.8220018436437447
1.079224997738473,1.7807228852505954,0.901255654890224,0.9069941361031894,1.8576508868414456
-2.3267176583624667,-1.7475670372709722,-2.009577930733938,-1.256480219983081,-1.6299982326798306
1.598145297659064,0.4330177101804482,0.8104408769662154,0.832510087828311,1.1736505495445522
1.110191233752755,2.053812847480353,1.4204591374494846,1.1420451729901977,0.5507053870972977
0.11702529449753989,-0.566513336729852,0.7146995327132599,-0.26332157767465725,-0.8358901649478824
-0.01998891719898336,-0.8270084930342632,-0.43190409990206835,-0.3596025478418906,-0.3849797811718152
0.82299855281294,0.9035537768809118,0.7882737156338686,0.4658036748698806,0.7139760566432428
2.479523271494885,0.811545771727139,3.3434662165571196,0.9807412387292176,-0.1291332943797911
-0.46925246201942045,-0.15039017533264482,-0.16516605892757077,-0.26995495043430534,-0.2640143942355023
-1.1738385553115303,-1.7843329047306802,-1.2623070968687051,-1.0067882875647292,-0.8933647435792266
1.0744513969128662,1.806937257812887,1.595071997013699,0.9252822511952746,0.751657490685827
-0.5767305946868757,-0.14559251735345113,0.007145612043036177,-0.3396013026787004,0.3656733881547765
0.49036137822568415,1.1850016645050914,1.4970231484320473,0.4773959835609703,-0.7296036317213793
1.7711321658486776,0.8227480801862418,1.156553772556584,0.8257995663958039,0.26404027833376675
4.120262628174521,2.9047760272777814,3.402506779628244,2.4006313693273427,1.8990259793728388
1.596772817809185,1.8657990492930883,0.8325200220326588,1.1990578230237832,1.379135290597728
0.6270214749672446,0.9765133427063901,0.4134623474929382,0.5990729142483706,0.33977027397207904
0.8597954269338258,0.8990026815178227,0.6598433177933167,0.7253552071601557,-0.03890747627565134
-0.13207934550234401,-1.5766216641332085,0.7611204705387388,-0.6637376223801877,-1.75204873762528
-1.8998768224137124,-0.4362867422295094,-1.0521959648344361,-0.8341583641760518,-0.7678095953303138
-0.90341895730928,-1.3910308937600548,-0.6623392105584637,-0.8253437955775074,-0.9738205607870568
0.14735921590974477,-0.2160048050863677,0.6166354506292961,-0.1852898831584177,-0.6523110187100886
0.6581788958422515,1.7144985549896017,1.797030988379376,0.5798145213577395,0.21710855208441232
0.5629624187942673,-0.33082305279009244,0.4675141199501725,0.05187728516730049,-1.095577964389221
0.43642373477700225,2.1808135379893794,-0.16888623052705248,1.070775252115715,1.7223658668506567
0.8791396700207296,2.2736032057590037,0.5527799326947122,1.2040181975787294,1.302240347987347
-1.5256042330480126,-2.3447959580061335,-0.9660454624652108,-1.4196452008509841,-1.2980990196124962
-0.6683849341289843,0.44422460874634107,-0.8056362435555757,0.15607833872527455,0.4329511144879611
0.4779198065751534,0.15906068508869808,0.20153915973747255,0.1351994907890619,0.15089636223147052
-2.4839918674163224,-0.48632112629063146,-1.7030087356316097,-0.8494392950424975,-0.9030709652978041
0.6503625739852842,0.7044412783069975,0.14339542696199606,0.4026765518483076,0.5161327298909778
-0.5103309016516103,-1.6895632083472711,-1.14129882300089,-0.7588308601024117,-0.5342271792812415
-0.6766272714487456,0.0417768707314192,-0.7544940089896373,-0.2745044370236779,0.5981842508654676
0.692920098510942,-1.4879428187305257,0.5152617609941533,-0.2643696633496348,0.1349214074543326
1.4335575442152906,0.5763510224397144,1.0619682938570154,0.5968494149655621,0.625788032264304
0.647792989594419,3.0181846842240465,1.033085988640578,1.2641951226122017,0.9675871713448768
0.6587363472970905,0.7092603421050964,0.3244149029605962,0.3245158948003191,0.5337669873882698
-1.1519870706031174,-1.2511022136686456,-0.8493842921248118,-0.9205805424382087,-0.5617382945522427
-1.5392442819643646,-1.4997439859105253,-1.5642540325382306,-1.132513074114382,-0.3580846916816016
-0.5476196545958668,-0.7501354010402537,-0.44304573254431434,-0.4479455858637423,-0.49109995124278855
-0.7160309698942809,-1.234852903092744,-0.8783111827535955,-0.56614022607376,-0.9907397564343099
0.25762061844879847,-2.4575342765583303,-0.11872216363870176,-0.738703639728619,-1.3192161325371068
-2.256263434858499,-2.4527797421384188,-1.7431506936219903,-1.6763795093994884,-1.2924755695587096
-0.8045161372874462,-0.35388933097336056,-0.5783169726748097,-0.501892299073952,-0.13181778456474097
-1.6452927955987078,-1.2429533808293098,-1.9889972311226523,-0.8163910157004954,-0.7944628861996488
-2.4408624388184754,-0.9943469202179698,-1.7282867534803283,-0.9740963464697797,-1.1724881517804386
1.6284180426981674,2.426100730921403,1.084383274132551,1.3163928726967984,1.2036030709571752
3.250419744319062,1.8262303332736864,2.4842322991650363,1.8738707936719725,1.127536010772968
-2.170038169549608,-1.7538351655558166,-2.6674502727386877,-1.2267124699126828,-0.47932680864302013
1.776201255546213,-0.28369426815335,2.211842221372152,0.331434954980949,-0.46232218488172455
-1.636858837180717,-3.655875888216278,-1.3616891448354016,-1.9104241491542235,-1.3628842978321705
-0.949837793811331,-1.3039898320763603,-1.0537542269476938,-0.844166591165693,0.06609566986415459
-1.7568311788701525,-0.5936192069129281,-0.15875403654729686,-0.8921080485768075,-1.9108053758580685
0.8722459097254444,1.5499281802527032,0.6872293789292995,0.6674387515079487,0.9832527848458286
0.4982336036213544,-1.091269133777777,-0.41233575054316857,-0.21120636201687767,0.19315539034557763
-0.14081801239858302,-0.8306284463276256,0.5054780916296207,-0.6155435070011523,-0.6431960719564972
1.6586730422379636,1.6380398169103276,1.7334720213550905,1.0490431475697364,0.03558825919445894
-1.7390054308743021,0.21365877622624363,-1.7836205089855108,-0.48780448549875216,0.46779700055681633
0.4352760907997489,0.23861785452263404,0.8753829116533951,0.041859109166052864,0.1855692729109016
0.44174509751198726,0.10391518223091342,-0.18993776629479714,0.2429074648569353,-0.5627661176274769
-0.7466443416912042,-1.552204226237254,-0.876611481277332,-0.7099696450569832,-0.9637047112851468
1.072446282104104,0.4280068326301448,0.6889065421441769,0.417111387769913,0.16782953077134197
-0.5989028262219573,0.024181223366915403,-0.525980067192712,-0.19159151685518658,-0.5926213510982378
-2.2504023919816736,-1.3697642107156653,-2.120174309222845,-1.3064007335427499,-0.86585181836639
2.0535880224962835,2.4428248308861136,1.5196867354429957,1.6021636153111727,1.7767071650870483
-0.38417288451211873,0.15902077762580508,0.05725624500247851,-0.2025133844000283,-0.14178721333560726
1.052520429189898,1.248293476155383,2.200776473232048,0.6662316600618658,0.3317298411760951
-0.7203080869048846,0.2185528407937746,-0.8466830192171941,-0.18428430951246746,-0.07396381127165332
-1.1152899625367623,-0.7748709768476932,-0.7718273649790321,-0.718789972002459,0.4770803695664398
0.3580641544133866,-0.9187408625814092,-0.31998211857795417,-0.2771509367345974,0.409398635381644
1.250258201918429,1.4703147246262243,1.8567897553536645,1.031398120051647,0.9997812936349068
0.9869374631143559,1.5085161145951955,1.0430710047827405,0.815361061259856,1.231890583996472
0.6555359942327668,0.9508476426852009,0.9269998607183021,0.4336888984672248,0.31116510784192364
1.0793334998719277,0.12823206924988334,1.1343353773808544,0.4080322330640197,-0.617518609670903
0.7248571053978823,-0.002174954131466609,0.6324425596459845,0.2166097138514319,0.14987216342524382
1.3394044062702661,0.5045242929871308,0.6135999783499911,0.6424498336823827,0.6901175633133052
-0.8009847325643165,-1.7711956501833606,-1.2925839248257365,-1.045369624812978,-0.5197633570184513
-0.028524117507926956,-0.8916755080787703,-0.1080264176363653,-0.28815202714680394,0.38064464862422887
-1.408715908416298,-0.386701373734007,-0.7634171210756049,-0.49052267078366213,-0.8988414639434591
-0.6887271417548161,-1.0945756380497111,-0.29785242087930075,-0.5623355566507798,-1.0096416782223847
0.5386380811126902,0.807811440343658,0.4333070456969117,0.42087104451084384,0.8116831943171069
1.3352034422126433,1.6390214617309327,0.9827938580546874,1.0334336345444182,1.2290674826369972
-0.6739841867165594,-0.6934357218683256,-0.6557700786133775,-0.3239903270153254,-0.26668790891576466
-2.356166524521332,-0.7810707563586501,-2.2671113798028832,-1.0266424556894536,-0.5855859063249828
-2.601474804776202,-1.872294387819503,-1.7677126368204095,-1.4830654756218322,-1.5771457103672457
0.3608023103555918,-1.4437083961922745,0.4638191633334984,-0.6278983291917617,-0.8966257389172514
0.9393566391293282,-0.5107197721131638,0.5604148787110979,0.10862560616094238,-0.7646830748023952
-1.2519401948520525,-1.1326216781261218,-0.8255115264690378,-0.841899019131256,-1.3199553249077385
0.29074328469312694,1.7243511409372856,-0.24316630970213707,0.5406460938341008,1.7758838699558415
-1.441951644615331,-1.6845082590303262,-1.7321509951449447,-1.0103170085868962,-0.35102657796128844
-0.32600242101105686,-0.2749270919847017,-1.233525894892242,-0.17179788098684107,0.3893178426258821
-0.9157630677745069,-0.5678676605375468,-0.8108310164491638,-0.39978595644843296,0.32746989603322973
3.016570180364327,1.7333638215934608,1.9832157861546922,1.6944921373546655,1.5245939050472308
-1.1611429462051026,-0.2957402705576237,-1.5243089293272718,-0.3699435120621248,0.4076620718222654
1.2684210472383433,1.527364283975947,1.185462366289884,0.9965262395595117,-0.3301957797323775
-1.3512398379943065,-1.3044274986686457,-1.1922170256899352,-0.9863729707445084,-0.9275529651700576
0.22998058470183946,0.10810782082224382,0.6722397597738476,0.09184734688652302,-0.09512497453368184
-0.3303147689019241,-0.7113706112584727,0.2779901602899022,-0.44369882200394684,-0.7193079740651508
-0.8098957062582516,0.3489833456737425,-0.5819732691999404,-0.34378115591942016,-0.30358837415625894
-0.05697001780498698,1.0487331905118364,-0.48167480796952034,0.26458683718459364,1.3212546825877594
-0.14107309434387266,-1.3068357508773696,-0.15567358080441748,-0.433298531228341,-0.3086911778935925
0.8919805982063138,0.8175620653681073,0.7847361864962957,0.5870182135998396,0.1459244389689183
-0.14261324193196723,-1.18400493474882,0.25298205258419015,-0.42890519520015924,-0.5543331905113554
-4.525900410821705,-1.6792988665943012,-3.786544019296388,-2.076403935303409,-1.1778254693574253
-0.544527074806812,-1.7747756625270779,-1.4502327229853407,-0.5950708950946489,-0.05039917513501275
-2.3735811366276063,-1.543828288197851,-2.878059432955544,-1.2214317344872523,-0.6115030811442779
-0.4066322876067989,1.5246066037048454,-0.9962278086007252,0.6188176530183165,1.3912442756044563
-0.038913322116302,-2.0530513263624512,0.44233099304877077,-0.7932248130632567,-1.3786174271242784
0.09167685082756025,1.8777255147683074,-0.8999808871535127,0.8461777544279881,0.9042011725541033
1.255966845143877,2.099111250845933,1.0838041966499743,1.1468671481603447,0.9658784908767211
-1.9140081379389848,-1.0529555864836613,-1.2614136337947741,-1.0020987614900985,0.02266109079400475
0.057688234814376266,0.7252942921211842,-0.2892482699336434,0.3439077727647511,0.272745881351469
-0.9684980187951541,1.1681947243462192,-1.0964588977650942,0.0682467241330358,0.9803071234236298
-0.08194230796757042,2.094213357674079,0.4979684709398963,0.6600228042308661,0.4404841891465914
-0.27268251193998266,-2.0325288390083385,-0.3507050631351683,-0.7812687744416321,-0.9100586716282334
0.8626270061051586,1.0751297127319908,0.15200612022258012,0.45343928303308545,0.7484706847939425
1.476671426506264,0.6817955733338278,0.552030105270909,0.8063963170544087,1.2707703085853659
0.7800829977504621,-0.8596331892417792,0.7955694760021166,-0.29149995560949393,0.1786420424682558
-0.03627827461728376,-0.8059690443760338,0.18072573465997596,-0.318018242879153,-0.24160448476703286
-0.029959837325500435,1.991858467893795,0.4954210629777695,0.5712505028563805,1.3380416516212688
2.865390364602701,1.4172689770923186,2.741411871884651,1.4073466946829623,1.5463732888671904
-0.5423490966688718,-1.7384535352192032,-0.05228344591717043,-0.9178089581186982,-1.7850983882606606
0.9336104482118107,-0.6683197992170092,1.0277410204033555,-0.17656670664295543,-0.169790579661868
0.3585773678301198,1.4375678652375468,-0.10842335015747885,0.7051223000430634,1.9199462297427874
1.9419483091892489,0.3341480639389612,1.7985933328222543,0.6296635034248917,-0.1996027301102958
0.7035851857721888,0.4761726040342259,0.36464568469726233,0.5649640814596345,0.04172851526897457
0.43372668274470544,0.3207263246458177,-0.5810224865796886,0.14103907455305253,0.6771658401122512
-1.154521680752965,-2.3373735063349064,-0.44747502480527085,-1.3527280317865724,-1.8824539327266863
-0.19875249546741314,0.3360701379600154,-0.18704843458586604,-0.07081553913519709,0.20867393893452765
-0.16871662676574356,1.5686677904904343,-0.46688017973742085,0.5558222117842743,0.8766744017520244
-0.19059028490360266,-0.3191018426618619,0.24727145071882242,-0.10673445565695779,-1.3285302721337595
2.315635918465936,2.4563521089186766,2.946628691445191,1.5443905593485152,1.0952982569092051
0.6159368680040533,-0.10535493083767206,0.9492962707313927,0.006493010258443762,-0.8933651991596847
1.2258237447303129,0.8051663784741964,1.0923084208714424,0.44296555159948775,0.8819686732036354
-0.49378646364663265,0.8596556480775809,0.005849207292121661,0.11978063922980729,0.8136048485642722
-0.22231994820577827,-2.4452370927642186,-0.31129903845583023,-1.0745352709848317,-1.0968630765719052
-0.5204244350964058,0.8239460986367891,0.04485535311603445,0.13396423439974695,-0.2865448096678383
-2.370862997701302,-1.8303591650610367,-2.4187795539713726,-1.2593606971826943,-1.0546313721742975
-0.2742675640577001,0.8208048084486748,-0.4048365300493952,0.2398288527319016,0.6335561173857021
-2.115502238252636,-0.018643558206740955,-1.7573028634763943,-0.7577260166661548,-0.3537369598566257
-0.5078869180677991,0.3030657433213636,-2.0596727632448872,0.17676615749690114,1.8726199894709576
0.7662520361618083,-0.34595464889623484,0.5224810325089496,0.07388573225864627,0.7750841752892704
0.9243646983201679,-1.2281516885554644,0.3200232348249364,0.08488575370930851,0.5875403067862311
0.9547268525096394,-0.6053554637730207,0.5225628793234579,0.01804451359763354,0.12699417645776875
-1.7952150090329577,-0.6391317725548495,-1.5793281085117101,-0.8290128886782695,-1.002494100138991
-0.8612856480068034,-1.4522384147396408,-0.8110734996695417,-0.8589213451019807,-0.49312106896174196
-0.45907152738872087,-1.6272487330261038,-0.24727061274636555,-0.8289353396789153,-0.7140793457569231
-0.276133460496077,0.34143194362183943,-0.9323807809621352,-0.07605537731123474,-0.021363195428732884
0.1204979690938245,0.5031467580926577,-0.10015159561181775,0.23482035884634078,0.39135125735800314
-1.2090691574244912,-0.3505508337882264,-0.7079333544318271,-0.5457055435802736,-0.12503328958983442
0.36177258440918497,0.24158518528997913,0.16967025560108598,0.10850218685970289,-0.06580023854528706
1.1622502577747307,0.49341784466839234,1.4533553906578214,0.5939152411468851,-0.097924703235677
0.252159385721693,0.4020736094639454,0.9133469300241593,0.19691033201983105,-0.6810210674512974
-0.19476880738452035,0.5885857872602532,-1.228595090091206,0.26183725654869516,1.0416091757415906
0.9908075992283452,-1.231115358323476,-0.06546926605223678,-0.13435926926131422,0.2336198008415499
-0.5693827160435725,0.1753980751957272,-0.8107914434614302,-0.05009761961591494,0.748380167508316
-0.11451134867944535,-0.6940488575535573,0.6449568085857883,-0.4080335720096672,-1.1857422602017218
-1.8016308980330378,0.14348080004365354,-1.9654888505167187,-0.5959620765160747,0.19103892142024584
1.2248583150292236,0.43060325456278925,0.41909355122956193,0.4913243375686631,0.6601703698764648
-1.8503167408152146,-0.8315078292350325,-1.2320495752655356,-0.9587174416701925,-0.8744023580741869
-1.7460761948195993,-0.6937735388887805,-1.3954860126321844,-0.838588319180826,-0.37459844770147493
-0.7610392094819,-1.3810709989778016,-1.0567585495887863,-0.8896310412122576,0.45189433828192044
-0.892992067759903,-0.11486797094354852,-1.0775547517449322,-0.4203125522101973,0.06245610900799356
-1.3644087972043848,-1.1920890139717861,-1.156853651954186,-0.8265287758377965,-0.9894366787950147
-1.1641615874629212,0.541073310121824,-0.0582744349721776,-0.37707080024341466,-1.3152713275364367
-0.637366042975676,1.4859610358400273,-0.05926304163496634,0.25056658610591465,0.36198656479152364
0.3340400626586501,0.23680077050809123,1.094807953156126,0.07334025090589741,0.19627832084079494
0.29015701930039456,-1.4409903763738248,-0.31826598339679774,-0.4298841345850912,-0.15423936198669927
-1.0844907767583098,-2.2358373786965564,-1.4587896213899911,-0.9102002789503403,-0.9940583458767741
1.2186723589995314,0.8277651246773113,0.8838295716983514,0.542121718678554,0.2755363908348848
2.201402605740353,2.3367039761464823,2.2214064990155657,1.500491508852677,0.43856728479296275
3.2699864269105112,3.173717785007798,3.938131156046392,2.0943506243758594,0.5789190169445411
-0.35636594234313207,-1.2221158715089053,-0.9716944889601034,-0.4003042566239631,0.4438310299172946
1.3764666720502206,0.24586464935249464,0.611508565110727,0.5703427122321082,1.0142346367724853
-2.1016971879025568,-0.01073767484695114,-1.1197059856646028,-0.5844407027166947,-1.15608080773629
2.5162359051021665,0.947005759434797,1.4838592283702168,1.094281733422991,0.6218953905384581
0.35671440393340487,0.7273928984954975,0.4015647020743968,0.569279285496672,-0.026217988579843896
-0.1620223848249401,0.5318212767517945,-0.15008210855791515,0.1366573950508855,0.42496807549400806
-0.011243591004428868,0.8127412715722782,-0.06611492429112831,0.34118330125041885,0.09364915728021178
1.7423268981450268,0.43164992108204653,1.175918038615847,0.6629344640774084,1.1051077588144094
1.855472766358352,0.8132099564708192,2.697124933630202,0.8619321181806454,-0.10463347369067387
-0.23826072519290367,0.9525006022805859,0.5196998769840057,0.29289986657478095,-0.37871170470948984
1.3415687696406313,1.2660512610278851,1.2842763508194064,0.8514048026100608,0.9154789477586711
1.971153138129721,2.0360279086096322,1.7222606075801168,1.2534729674284268,1.5520067294879754
-3.6518018412930937,-1.0977041191987227,-3.4908769086323197,-1.5253867837593897,-0.9434042648000175
1.8615090897452722,0.9615233448384829,1.6344510406596062,0.9552009123461852,0.8173163535366872
-0.13658025457081463,1.6350287848218188,-0.19588436911585852,0.5643287168868919,0.7339149779326867
-0.03117289886186232,-0.21150600600894764,0.35007240022441627,-0.04211037668999938,-0.479676866742938
-0.6588912023280584,1.065238268961276,-0.24656307333509075,0.30131605488430563,0.3344529914659166
-1.8228784113756782,-1.109451346670289,-1.0413687285350344,-0.8150003203358757,-1.3736555403351967
-0.5635579384233829,-0.7046348095671904,-1.1435899311348143,-0.4450876890256787,-0.26726348871792005
1.815389617391643,0.7237943084758223,1.370110240714163,0.73667957788545,0.8056681559316541
-0.3242691418486893,0.5729922938248841,-0.04794018864996156,0.0018365540826436682,-0.04167451476464388
1.2773933376684126,2.997640204262417,1.4662195616416178,1.4640511175079938,1.0875282507639619
0.38213970257584295,-0.8271774064447067,-0.10475275387830126,-0.0988304347717323,0.05960268397200629
2.4049613415617284,1.3294651065768819,2.697145764803598,1.1348260623345532,-0.05462790192319007
2.186126436102092,1.643486446937308,1.7402553453235807,1.104966106668114,1.103045771310518
-1.8299531153292417,-3.327101158926864,-2.629399341438617,-1.581724598848785,-0.7124847381551715
-0.7608014879507063,-1.0969429823216568,-1.3843855987059441,-0.6228540147025602,0.06596202804703655
4.6081092156629015,4.016176827347925,4.457352656849041,2.7369574501190326,1.667773078947541
0.49695936718964906,0.08244237777511398,0.7791630646211337,0.2921273195137426,0.16510407603557475
0.38744167394593354,0.35336018603177516,0.1757310577522314,0.3173576088691703,0.9621581322217094
1.3176064084828278,0.7621091032092437,1.477001298481288,0.5779054915391322,0.6576551632182254
2.028188468829423,2.2495989110735373,2.6637899932435065,1.286288973809044,-0.2052942792095395
1.309244569969782,1.1955418126169963,0.7282913118041306,0.8108197907295676,1.6069985872687458
-2.2638644356836037,-0.2807674261740956,-1.5514779598451702,-0.7738641219675864,-0.6822716624545857
0.8260358905320202,0.7787106594612886,-0.5679164351158587,0.5698980470837842,1.1421019543378803
0.3135434627975219,-1.4254692371023903,0.6725276625100725,-0.5096513773920387,-0.7242080790469304
-1.2202832447269751,-0.24432716180998196,-0.2104926201227673,-0.41657466845050795,-0.9433666887560636
-0.9752528637280525,-0.5749812367288824,-1.1023600867306134,-0.4307555918701355,-1.2334343427040175
-0.9802968699994394,-2.061486836254254,-0.901376955120964,-0.9172968582048044,-0.874460627251135
-1.1743912718992462,-0.979809082132121,-1.5064820503049294,-0.6176415085681903,-0.2724071936839967
1.4360855216909103,1.7892879505855326,0.8515143700225207,1.1592751231362388,1.9543675759585983
-0.9457053850341873,1.3530498642504347,-1.2811845836562037,0.14965855776342166,0.987813138210427
1.3193387823759946,-0.08820751383969469,1.6828826206477057,0.4246952628606333,-0.08232319230624364
1.452770555999364,0.5485046236578783,1.3203065097878952,0.6108030921931261,1.3518286060464497
0.3095251613539355,0.03640876583588747,0.5749145499967072,-0.046512850029497455,0.3171995063942204
-0.28633705866231896,1.2465260262950797,-0.013516826486331499,0.43004343299124587,0.3372929271051622
1.104081431365233,-0.11996454783831811,1.261806066696469,0.25116274300868985,0.7942315649263095
0.17943911298136417,1.6622179021714556,0.5956611361290988,0.4349161665326423,0.60811252562412
-2.0197990845808724,-0.5864389602556092,-1.8010289914546809,-0.9073321160755198,-0.7619702744489387
-0.7489667025976584,-1.8831798047636032,-0.10006603239001496,-0.9464968455724158,-1.7317467142624945
-0.5806022141434247,-0.9084659480132087,-0.8051932320229245,-0.6448928021452204,0.3593447359507427
-0.26121421031061226,-1.2987788722638092,0.220300394849122,-0.6240869507316369,-1.2414005759238167
-0.2135402439517193,1.9014779449788801,-0.016178101933700582,0.7759062166381225,0.5751388602099857
1.1992617125600198,0.6051324608875831,-0.09070954983908927,0.4836379731241741,1.2048233241536905
0.4964220201918034,1.8086799977029893,0.9288321381803605,0.8851605607251555,0.18152198040969927
1.846061279140983,1.2333821651666907,1.4841775709512985,1.041585934845839,1.001035900584003
-0.40459098373970404,-0.25383970562345504,-0.7281724751785672,-0.08768175150476587,0.9447973926375572
-1.6959178785395226,-0.4239630227902628,-2.1024255243171615,-0.8272668414918231,0.3971340887445002
0.6786486215955653,-0.42209068009864803,0.20476828357939655,-0.03281190133993802,0.7561067527335511
-2.2164545714405226,-1.749781191011257,-1.997015849849815,-1.4839977138947282,-1.346870159045653
0.19671259758406764,-0.03503802895205524,0.5126006305768411,-0.0749954805951026,-0.23258800942791227
0.5631967917492466,-0.049928566549370834,0.057875620483448124,0.16142872041734413,-0.1707087074562502
-2.4503282451882455,-1.6036447974563275,-2.2407672333229303,-1.1492448298974745,-0.9594626604152867
-1.7550958362083091,-1.6208041807688252,-0.8712440015189892,-1.1021149582329026,-1.5690759438383588
1.0169179702234035,0.7123526392094802,0.03840724236017902,0.8011501223543654,1.4776242612994956
-0.9270853009852507,-1.4579750832720413,-1.248623251779525,-0.7355125399873521,-0.8750539128487725
-1.8709853826341707,-2.0286046566469116,-1.0926546557522183,-1.3889760395665594,-1.003514074373057
1.2699163855022202,0.3732698930415299,0.4260830426309839,0.6277978623951451,0.4412132326454598
-1.0916839177764086,-1.1492360473178302,-1.1797056524511433,-0.5106406224633407,0.06164204761484644
1.338365425168744,0.7365750057529713,1.2443876687381614,0.4776067754649342,-0.43263116582244626
-0.5072396134012833,-0.5010704067462042,-0.7228202649067604,-0.3637213037486054,-0.865672015939293
0.22566002244707134,-0.4613163470904643,0.4474967380878734,-0.15644242233748726,-0.31732509577904744
-2.7830245628638752,-1.1115665579040401,-2.543960628854448,-1.181126003398614,-1.1131174123998246
1.5555268017622712,1.009972740202598,1.1693645330028986,0.903203997022654,0.6425376814816866
1.313336028006201,1.8349052841785807,0.3232969142893895,0.9007108170947327,0.9993698219397268
-0.42701236897517275,-1.0848229777361735,-0.08714582505496131,-0.41079575263910256,-1.0797100565956248
1.2160653874596434,1.8132468834184048,0.5247092143457369,1.1737819665326745,1.6569541231170384
2.3391093634903464,3.1397511339883226,1.860581224449895,1.9453408153356813,2.153690813049286
-0.441313615816791,-0.16067379852611796,0.1735372076033588,-0.37832165060915246,-0.14218081344988903
-0.569243279216032,0.02043875953293837,-1.1823038447138823,-0.028178180721496447,0.24619716245229017
0.31959670473405605,-1.0522730857061378,0.8869719529785899,-0.40724511349371195,-0.8796187041912148
0.25159684333492055,0.7254046679948275,0.46063671614154245,0.4205550725347753,-0.6056527556964396
-0.06795214332377786,0.7454536868885594,-0.11032725163222099,0.27592399475802226,-0.014572665944901872
-1.0552473183300295,0.3717387519658715,-1.6933341431649869,-0.43830744378763575,1.2852456243744497
-0.9803496937226549,-1.828526114385612,-0.912261399482465,-0.8169350744039783,-1.370129056311554
0.9891306062934203,-0.7148642380789079,0.21029585062386014,-0.024634373791864055,0.8095256576244907
0.4169206567672085,0.7321885751337295,-0.21672952713051474,0.3854220240609094,0.6326229085365944
2.0703345062923315,1.4700038267167457,1.0224665675266487,1.2903499829957144,0.6789467988675641
0.17377009314230182,-0.09853333747912742,-0.5726347190023767,-0.0850336786193501,1.2511922530220438
-0.755842060466038,-1.714775915111027,-0.304876404365374,-0.8371814397501985,-1.0190298886488296
2.4833921575218905,2.4382750025863142,2.621765842978657,1.6267545312898959,1.6275592175822904
0.645835510734364,0.09221997734388261,0.09040389365267708,0.18295743656481656,0.6107152624497452
0.7694907202870678,-0.4138095701238081,0.7392247239451917,0.10567251483623188,-0.013902425870339848
0.534078302239372,0.8935253635926383,0.6448374383749437,0.6326403570328505,0.18757748078241476
1.1515365841326983,2.0059545368631615,0.9144232941003261,1.088736380545828,0.3796040341423924
1.1264020464332805,-0.3323491742189181,1.9012319125023303,0.2621647857696113,-0.26198831546678164
0.7666527698864292,-1.1739376718879209,1.5407881320145385,-0.10511135546722257,-0.45556868869442746
-0.026033365045594788,-1.0741167281135393,-0.3746508773636419,-0.3461408490126335,-0.5177378180768011
-1.1859589051999107,-1.8760681603587646,-0.2626823052748129,-1.0741986519633993,-1.6088344073850351
0.1972886145413166,-0.20437158701879057,0.3800684808733107,0.12699073764895838,0.08749495147819976
-0.6860088809956232,-1.631469468017734,-0.9289763343011462,-0.812416439275095,0.17286413559923325
1.6418333701776884,1.6783655617794688,0.6533785683799341,1.0502949576490477,1.5436078934697652
1.053753762848629,1.025868851308033,0.3498927368858704,0.5732862517082515,1.1224420917137334
-0.2156779565372146,-0.02443125928052204,0.3312077943414153,-0.17279470277463593,-0.1537867368969338
-0.9474835002314801,-1.8387633010859787,-1.3209963135064988,-0.8937983706953953,-0.814393413588159
-0.011644629548674526,0.5953438022141287,-1.0035183556181426,0.21088284646590905,0.9598829987984789
1.1289783937484799,1.1198981177833451,1.9336220499520385,0.8048532963334339,-0.09242283687260962
-0.24789346478738059,-1.275417167134899,-0.5223887975711149,-0.3390769296442592,-0.5053060986830679
0.4760136886538749,0.6555093792306591,0.6350113628172395,0.30072696386196307,0.2831581193004879
-0.3094748867878858,0.29991433255994254,-0.835091487446489,-0.003757124739568633,1.010092445928659
0.6229181119749136,0.3097513329027562,1.0453255007251054,0.40425248745432696,-0.19787971180429867
1.3079896603820353,0.593201784609755,1.0767184393803755,0.5655233042451273,0.5148525271365094
-2.2657752583625728,-0.3953693114949693,-1.3444681993239538,-1.0214899444643757,-1.20655215372828
-0.5750812897046005,-1.8268805737546785,-0.05260229350579312,-0.6526288710604957,-0.6690691075050402
-1.1279160551033223,-1.8444383884732303,-0.9817607323579546,-0.8474195090360934,0.037711168870926626
0.002993181967091472,1.4949424807183613,0.07469094161322004,0.537957932248486,0.8011099007614423
0.07415904870474208,0.30645585004100223,0.8275624064291136,0.2148502366912745,-0.6347357586944191
-0.1299996708477847,-1.4798630183743828,-0.5834723116948828,-0.6185006612726565,-0.08006708077670867
-1.0750368687259901,-2.1677580691994445,-0.9133786509928782,-1.1082280873796406,-1.1378134286930872
2.4542477803183074,0.4051456987520625,1.7150557797886221,1.0481705677905828,0.6625731658045866
-1.173252613861723,0.5383316693713154,-0.7484714044797227,-0.23499867345711442,-0.2593677188195097
-2.148729725922911,-2.758940215252056,-1.6447627215100575,-1.5274553399655384,-1.4247576002950184
-1.562232981836201,-0.9398370937513417,-0.12282848328717447,-1.069206916399367,-0.7921122663261932
-0.0413018299960064,1.1308365503462772,-0.5636497381262627,0.5040297295536905,1.152799429399925
2.5007019616338524,1.468718094038499,2.765559133834535,1.375148540405894,0.41413428915152584
-0.11267923671361298,-0.7243422195480241,-0.2152539492968646,-0.3353860576273095,0.03426930773010833
-0.049610116657713345,0.3055815548604378,0.6151117880937543,0.07214713210125556,-0.18819917451067286
0.29837057760520325,-0.7329612139084689,0.5263641921473071,-0.23594291590853705,-0.6325695783171735
-0.4611296807636984,-0.33061486632375586,-0.15823170327436603,-0.3442009618544998,-0.6504836886171873
0.5826265491648713,1.9127249241261213,-0.2885907815292595,0.890908943385834,0.9243369724014664
1.0520165288225127,0.385314186347049,1.337818006359124,0.41303912797624914,-0.5076720531804116
1.0067466897279629,0.1698310744990439,1.5501568556059306,0.380599256390582,-0.6619650464290661
-1.7563404880025901,-0.19550882137908476,-0.911931169135601,-0.49064675222222454,-1.198691258220006
-0.38206011655299665,-0.1051466444956652,-0.19398854935134524,-0.1379124804821894,-0.8521018046852639
2.0490342407741284,1.423727112012832,2.22277402402184,0.9099202712717198,0.3283837665647174
-0.4963250940384092,1.7838366769922085,0.3477314755322097,0.6191415484998855,-0.029697932263468407
-1.5392291961886244,-1.5698337245888159,-0.7739136724723662,-0.9478647166000909,-1.1303690409401606
-0.9000415226446082,0.6786369467826356,-0.4432973113708414,-0.0940477028770578,0.4367434040100996
3.7670539212837824,4.6407473388231,3.3823961122274495,2.772791882507538,2.9166602863068563
-1.9645979453119518,-0.24652220063886282,-1.2442286121791393,-0.6711294729963287,-1.321985942334096
-1.148285903171733,0.5591876434615136,-0.5195754363750168,-0.3699987430107539,0.5571940855371023
-1.2655054409996929,0.2542198343891269,-2.159235318712962,-0.18048667089220213,0.6522809012898623
1.7063232524252705,1.5210310955750481,1.736229536573952,1.123160036857217,0.3406019369252201
0.6330533378477137,0.2898097870273543,0.7551477099212792,0.3370759238374044,0.07513969673392569
-0.13220473546311048,1.1136812996462446,0.16288900266523557,0.333845729589361,0.6194224684577688
1.331666607757174,0.5689806275765208,1.1937566121983911,0.49376996830101116,0.6594447712328044
0.5358773322851068,1.2417810119085952,0.5971156545503479,0.626938678791298,0.6974752789626643
0.14509016163509572,-1.3841920917462678,0.1133250866258158,-0.5813692431106581,-0.5998154610448083
1.0847996267317348,0.7069816233291122,0.5507618479950104,0.5366655142738042,0.9210163157932322
0.9521954870438449,0.5529677711831665,0.9053293726918186,0.4338764643985705,1.0827963501804223
0.24347684396709512,0.1592784960764423,-1.1214223470788387,0.3617999171598544,1.1156994649633998
-0.27782544182157615,1.048801199227258,0.6709655891248505,0.21970046168044297,0.3953317464190785
0.11078603085522146,-0.35115095854953654,0.554928817301926,-0.10997854169334748,-0.6417056779343259
1.243501550090316,-0.04598661420840768,1.0398790560215287,0.3664525209871264,-0.4377040824381513
-0.7719760129265311,0.4748771115971863,-0.6885906819231405,0.08067623296109258,-0.16818371930081347
0.9501884355995842,-0.11453556805385225,1.4764874177250167,0.16128974974221255,-0.46562204532919677
-1.2003651099431298,-0.3736981286841722,-1.5962898746632015,-0.5492491254452558,0.24738452863867155
0.8837409213763261,-0.7176437163414523,0.8611207891036773,-0.11080568863975052,-0.5807149132754145
-0.22466601643349116,-0.8210983846796979,-0.8431502130017922,-0.43213670845778923,-0.3616445481959137
-1.1513032626236948,-1.5703959785816441,-1.4258103228443069,-0.9875678957420863,-0.8644871770857359
-1.061595183519415,-1.3446880250189766,-0.6247281576879078,-0.8132675294708813,-1.7141616773802957
0.6363102273123737,1.792099116854808,0.6555042814715314,0.714772952179521,0.36681797594919024
1.547610977049921,1.0879022544079056,1.5166810835090792,0.6652566239940896,0.671644228754625
0.4330464851135215,-1.1668890577224729,1.2704288645863409,-0.25790665929879847,-0.9278771342507318
-1.0986581610915844,-1.2540888919614905,-0.9254265704540594,-0.7338608233319137,-0.36753119909430926
0.6224853938714724,2.6991557563699233,0.6644512069551513,1.2268941181843176,0.8840844853449686
1.764204039425215,0.8539692785730744,1.7967510249771173,0.7535012156662169,0.1183281601573696
3.055537683398758,1.4690770124082266,2.0185021046914104,1.2987190936335835,1.8561710813382744
-1.8094446172794103,0.47676749843384497,-1.5938197339139888,-0.3676266544648364,-0.3415653485982269
1.2640224358091965,0.997114254418142,1.0568761936722992,0.8736232197588626,1.2083511068044026
-2.481473085298715,-2.5384480351208483,-1.6615301758421308,-1.6687140485776546,-1.649959519150937
-0.6829710235500619,-0.3609017921025535,-0.49708731877434376,-0.3360535865170948,-0.9085009153251848
-0.5414510629041558,0.13153427001294166,-0.3147306048737177,-0.36444183872292435,0.6068861807241341
-0.6403736329016013,-0.7260526261409749,-0.8665498347686612,-0.44982507045750714,-0.26150941865934
-0.5250019856803761,0.5526097974043019,-0.09007965669908631,-0.13676859103863045,-0.5766698105017146
-1.3225868771338294,0.05195450407814724,-1.8628456634835198,-0.3117553429240846,0.7902554392404532
3.1613480088637695,2.2601654680849226,2.094441616468641,1.7118300672738151,2.020912340533821
0.48180129789734244,0.9815943333236333,1.0478395114274708,0.43629346418018317,0.3055097252912782
0.4002716627036408,1.2503879567485994,-0.04991088710189332,0.4959937412491295,1.1846130399120016
2.977938997349658,2.1987524740936726,2.9563360199451534,1.901667098833842,1.3635043127450786
-0.3465040638338239,0.6854627082482764,-0.07997043312730859,0.15169700686639023,-0.23881223911766444
0.6362150355920746,-1.2073085339528475,0.7258025458903029,-0.3228329707535953,-0.6028929799532967
-0.6675323823972843,0.18854587088432445,-0.7517871609438974,-0.16306697640890827,0.33146120769243775
0.3262736645462094,1.615279399053395,-0.5387719496410192,0.7643339156982416,1.863064397319012
2.5133057206809766,1.0781797477229138,2.5967512393190684,1.027222548514842,0.2816723525928908
3.100933259420331,0.9059807368782403,2.4594876553572003,1.2222491142741958,1.2198345918140585
0.16232555359935263,0.988508299538022,0.43184988753832726,0.4126705309908958,-0.08212326844831791
-1.7481420602218325,-0.6402986250218726,-0.8672102099140954,-0.8397211212032661,-1.2740028518099296
-1.0515215848236183,-2.8551257254444717,-1.1929604367475513,-1.1015855609066958,-1.072585599966266
-0.028509745130368146,-1.198669736419953,0.484539983634129,-0.42978201049519554,-1.168735863238231
-0.033160406257837984,-0.8822801019037828,0.6974284588203762,-0.30677068234877336,-0.5797191194116322
0.1726619154157828,0.03893730916894063,1.00175565029647,-0.32242544764960135,-0.02153882690647312
-1.5627317315114717,0.3284434918802594,-1.678689588770783,-0.17700985086815843,0.1928472033478462
0.9261914058377946,0.3388599117867751,1.9051467080110724,0.2695544183434056,-0.3559345624388352
-0.08490970085567047,-0.3068584906880183,-0.3244464326318552,-0.09506244624597252,0.7221082831669062
1.3448199280040476,1.9993584856231434,0.8463650091669633,1.3359071307779613,0.4347768303091742
0.7548728338067751,0.1371641119158703,-0.13165854341019356,0.23939584364971253,0.8806903710265817
0.08124058366798259,0.8349686008449891,-0.4483678128659252,0.30314238305777647,0.7228045438878858
0.8636336502862365,0.7094884146281483,0.5510795158468742,0.5021260780642393,0.424111678545074
0.11246753638278105,0.16657989948897226,-0.09574398493958647,0.23057403232154283,0.06407062976105214
-0.1445616880255603,0.1444508453999293,-0.46543962715564097,-0.16720938967800492,0.26346173622301866
-0.5746322161257688,-0.0778690892407175,-1.130269279180714,-0.07984392232743616,0.5263461425619648
1.1924665185039882,0.3030559730128292,0.5226254870310278,0.44335444313658406,0.8353482935001374
-0.5085424813001018,-0.874341453345408,-0.6424650570623757,-0.4893338038149801,-1.1933292515761866
-1.0043549788058959,-0.20690043950413917,-1.3183722108557392,-0.5638239715476218,-0.23636690252537917
0.6081895173418289,1.1032771507840138,1.5949170612398114,0.38982163163127276,-0.6930120077361659
-0.5734483083792777,-1.0091620917074806,-0.3462716225511419,-0.6343826962764328,-0.8199330526034603
1.982022144388208,0.7375602569779266,2.855150472041954,0.6894571327368422,0.0798650470205029
-0.9007298697531815,-0.04701340597836904,-1.359483968457418,-0.2928436115906221,0.2768651700975963
-1.3461464868749724,0.07078329945835204,-0.6122741588804789,-0.5628563660647874,-0.6773336082971202
-0.6383554953321094,-1.0636824299092755,0.14479699707046834,-0.585671663058197,-0.7670876741981427
1.1904580452344837,0.29620862052225666,1.6998348034423627,0.4229427911873685,-0.5977415590703801
-0.24098326282212487,-1.642305511571475,-0.2854445921730116,-0.6960394826254553,-0.469651078531188
2.6913867207779507,2.2973218305677494,0.8785421914701614,1.68183549532502,2.273115414615495
-1.388593920520196,-1.7217236383385437,-1.3123044344559747,-0.8877666174284538,-0.459661285104165
-0.40733248556817475,-0.4922279918744877,0.20939389725656632,-0.388299984601891,-0.6927472123539355
0.8115709331171638,-0.3901987895207828,1.1087031534907972,0.23711818355874323,0.49893581229313844
-1.4767736757938332,-0.5378089035528679,-2.178166172358922,-0.7053982146521929,0.9068291414787754
-0.9706592016780585,-0.3266654604693398,-1.714889594787899,-0.435106881912436,7.123471614278436e-05
-0.4224804367906716,-1.440834290536109,-0.3947987468717578,-0.8773904095554703,-0.873690074744552
0.39183635405194717,0.016802223891034283,0.5772067356224831,0.09411206227943246,-0.2065472879163752
0.2811781149834424,0.439478889141489,0.661247402650734,-0.0528419962975126,0.26398539823209183
0.4331102371349589,0.993364074772886,0.17592784279968848,0.6810535247242542,0.8520243209435753
-2.865230193908372,-1.6606630822727764,-2.6875760110795817,-1.5634964067389137,-1.008778646486156
-1.0833323263246324,-0.18336823108133657,-0.7295759645698658,-0.5175279096618118,-0.782791875433118
-0.745777431903213,-2.3461576437825875,-0.2534450073969479,-1.0789725348632477,-1.4277430493742398
-1.2957567469498577,-1.975168845784289,-0.724666622444467,-1.0626582205970303,-1.3305215454162604
2.1883813628782276,0.01960946868300281,1.8340653099000641,0.523658264192667,1.0817722039452806
2.611282314055919,1.9202151336946536,2.887987319489417,1.6289464681930275,0.8237660442138017
1.021799193052968,0.9061968588219372,0.33096827888945607,0.6112926800241759,0.557283000889571
-0.36923697708319936,-0.08506959973978998,0.11529022442129731,-0.21128949819617762,0.6960717794823477
1.4420971135654062,0.6128861255100766,1.8067957206189356,0.5968210449824316,-0.8041895855221143
0.09886523278658596,0.6474933726077214,0.06539818565783527,0.37832115212674683,0.4887517426533283
0.08814249024157507,-0.011237385738690087,-0.7162292744641454,-0.10126620075041196,0.453659452368391
-1.3401807435727437,-1.7206751014549733,-0.75347468031985,-1.1481595756496652,-1.6859413355981583
0.1064112319929861,-1.644045041250356,0.5580007536346124,-0.5111605852828631,-0.5648526818320813
0.336920058187379,-0.879082004667179,0.6448332745357224,-0.31032968276084394,0.003280699497209709
2.7943775491819474,1.1937589341996715,2.4928624517727322,1.266834190679839,0.8610704523928513
-3.876981156053957,-2.2015237845860236,-3.1800905326314175,-1.8670304410266956,-1.8187398954839635
-3.389836379714911,-2.5328204393180123,-1.8316766993388913,-2.056256614218442,-2.1044758049551677
0.9174929027044523,1.2873483724173518,0.3147731414115906,0.8050344916286553,1.3966229749180774
-1.6904216735075088,-1.4170998249596862,-2.2378699694180475,-0.7376522111931476,-0.09193148951926348
-1.6417401077059754,0.5075317534996641,-0.7160958074187955,-0.41993461962636514,-0.6958053707586382
0.5563424835491284,-0.575008441811765,0.5772662799827076,-0.19544646863187173,0.3184875116308354
-2.4482270948258784,-0.5177895080182046,-1.7617309713396037,-0.9132868800917285,-1.7579984604859857
1.4018414366013034,1.0418336388491727,1.01907273919501,0.7657325960265525,0.8248197255235187
1.354436993464194,2.034038384588812,1.7430561899225774,1.0284494859556275,-0.015493417958639474
0.2924016611912857,0.10492908674121822,0.2255981653065436,-0.02693570646787391,0.8223244843822546
-3.042314207814104,-1.8663351773573094,-2.695093012213366,-1.3432954005878748,-0.9178329035277222
0.6031109759288638,1.2286232900383882,-0.6898561084318502,0.6678395715045556,1.607449164253124
1.105857652362436,1.682818342256207,1.3809104314229845,0.9191733888402374,0.6989825917253333
1.50507283540777,0.08006010659564282,1.0167339192369758,0.6481418141345207,-0.084948142703936
0.33982866170927395,-1.04498738045429,0.3697100113519696,-0.281595196143043,-0.7776019671484751
-1.353692486510464,-0.24953380394323466,-1.3185911684296874,-0.6240913052451297,-0.4320290003593885
1.2952681475282342,0.3554970214856857,0.8180928562682077,0.5323569287546982,0.9531811467201455
1.6263692112407215,0.11306744685091719,1.382737006131205,0.6587195421088082,0.19068095425443782
-1.062641333651617,-0.17861316811956454,-1.1185450517111444,-0.07743665284439685,-0.1348607886991569
-0.7307664079283515,-0.859345997826841,-0.4105755840194639,-0.5827400335212206,-0.09500477180895352
1.212721210805498,0.2598239633064356,1.0006271080425906,0.3501473891203037,-0.15679257842446448
-2.1376068166413837,-1.5980420591751268,-1.6606639188180448,-1.1492397678879487,-1.3753303262823826
-0.20272715014985018,1.0235639892980966,-0.28169214359245714,0.4144562780667934,1.106520977745487
1.0196350121637678,-0.24278250954145042,1.4763415536274376,0.2358271443501661,0.08945460255572663
2.5860835327172276,0.653248348346545,2.776251574738868,0.8430217541228004,0.403779921463418
-0.10310319543992924,-1.8425251814475019,-0.14841430907850278,-0.6562513211379325,0.09515114706849608
1.9962014545500173,1.833780726704466,2.0215699311121424,1.1188818924613282,0.8205621999788344
0.07148106380663272,0.7184578705335201,-0.006796627205625172,0.27923686244004225,0.08936635953530174
-1.660258058511498,1.9065869295022868,-1.2798355487763413,0.14835553444209776,-0.08288925228061057
-0.47669314536307517,0.24251813015930782,-0.5940979496961475,-0.13516278950571378,0.19608105147632904
-1.2663261428174826,-1.4543740233636409,-1.171727434695454,-0.6755025106614774,-0.5577247597160269
-0.5613588039394232,-0.5935520989122917,-1.345482648861635,-0.29521859510024545,-0.1025705769014891
-0.296469577192735,-0.28300383178850813,-0.40595337678833243,-0.25356289279157845,-0.5379064578298863
0.26032870474342595,0.0598406003150464,-1.408797802373211,0.20457786972164543,0.7424605844783325
-0.2894119882563514,-0.11460999136916099,0.4520075588699344,-0.34614801967912096,-0.5038666167626943
1.2831486384352702,-0.12801292137327255,0.6266882166072282,0.6996151108705859,0.3573426930848122
0.9575634140620496,1.6303118096456826,0.22804746240358684,0.8645609707061244,1.3326499325380945
-1.6248988222204095,0.7476781343003995,-1.282205720027143,-0.1074261331804123,-0.4848676971045913
1.473341693143056,-0.7232700108795802,1.3252507428134248,0.22496528970894666,0.1989085291626213
-0.3365261476503353,-0.25284726111265043,-0.23128037986089636,-0.3126703479269808,-0.44052247569805203
3.341097671002964,1.7099756512588136,3.1652908971850198,1.6759973795485545,1.1325807659023046
0.5855632300128505,1.6044315719319975,0.6955205225116308,0.5893214484831073,1.0676804722782347
3.8840147304676926,2.9091514193992607,2.3617162085131898,2.1996977647668756,2.266989665977483
0.3480794310546064,-1.3833793872141003,1.07128929699711,-0.364674482104285,-1.9771938092359769
-2.2554044004180884,-0.4826850581975715,-1.3943912349297958,-0.8392703957495888,-1.135223451089761
-2.0445485040079525,-2.6701386377995027,-1.9194162903312433,-1.3042656575815152,-1.230441210307593
0.9997381662532396,0.3297466907329276,-0.4034679413627168,0.31694283819010993,1.0353802238202623
-0.3120720650254577,-0.04732970618515365,0.036742521425197794,-0.2509089384732624,-0.046255113587609614
-0.4207075767979802,0.3893045165532722,-0.10888811681828821,0.09298510039886225,-0.2358431596209219
-3.2106410482080836,-1.9020495278618417,-1.7634809700872265,-1.7222272006847494,-2.6902011060281774
-1.028094021433631,-1.5782592600459227,-1.1580514025285722,-0.7035696237873388,-0.19849654693522928
0.9223622650937536,0.17793610820231331,0.3565569748747479,0.2951252819517759,0.48419569587633715
1.0196481288284118,1.0557344696967317,-0.02612038896039119,0.6045186897680698,0.7193226556521854
-2.493280020475839,-1.6541760156685508,-2.834143038298306,-1.2883321382870043,-1.10304048737302
0.6028856786919774,1.2892580536903429,-0.03174526154277197,0.6432027649537936,1.8301690848026395
-0.6337574081190567,-2.470049537825124,-0.24352737870882252,-1.0863549591176704,-1.1610391243167466
-1.0933646075496828,-0.40447678276451676,-0.8466074317662479,-0.5501668530843999,-0.34751829822040575
0.869620518245988,0.0428889997663707,0.06880063836363949,0.42755507414314864,0.5526745274110506
-0.7814029126802238,-1.0773147780021861,-0.6261944516860243,-0.5348273153240153,-1.4098671895579549
-0.22232371421880118,-0.6332444040841726,0.5498159072281572,-0.23254376158870976,-0.7267430704062263
0.437430367798349,-0.26308379401371995,0.14709105666783084,0.1285322428873219,-0.06865401867664173
-2.337918057144755,-1.2766250660504048,-1.7643674612761515,-1.3797627905886263,-1.7931500175202941
-1.377284089315506,-1.6642701851934483,-1.2519431614905097,-1.085120078442367,-1.601871495464897
0.7536968717586696,0.6126324955786995,0.9896979448354918,0.33089295111865114,0.5959944752944559
1.7547001143821124,2.369369044858972,1.0689324800471525,1.3985609191270016,1.4440752693647076
0.823391972001438,0.07437239413942999,1.1091478439433096,0.3476986779616901,-0.37584413091632496
0.9888941679479971,0.3022994609574255,0.8413878196232152,0.2850453909837068,0.35389069181526117
-0.7951728612980734,-2.6515375278115436,-0.44477646581854346,-1.1869284477203594,-1.936896806175716
-1.6431392456086293,-0.7272013415304855,-1.4076238807738206,-0.6415877629393163,-0.4292903823522877
-0.9001711889026798,-1.1875204821364946,-0.35977431399816645,-0.8154915973943044,-1.0041863165551856
-0.5858797330818607,-1.7668127567736605,-0.5490718460004322,-0.8288611828106326,-0.9182824920617118
-2.3390609493292787,-2.091294734633267,-2.455306413799131,-1.494808871933119,-0.6679788637825678
1.6817191595286394,1.3202856504945444,1.9419648800641205,0.8358434920670486,1.109741684623616
-2.80639599629824,-2.858968534320825,-2.6631010678126086,-1.834273415821876,-1.6933623879857178
-0.7503358527948248,-0.8099326663541063,0.3157765524477518,-0.5612127269902176,-0.9234132058970315
-1.1086822992184993,-0.25947935953625206,-0.6580737518676963,-0.4320616377760941,-0.6742768839894884
2.468524433752085,0.7905209722554284,1.7593305144537748,0.9663411290922257,0.9114041339455615
0.35626758355873495,0.39308080584285415,0.4098673390497585,0.2718207592585286,0.09340305656297578
0.7055303576933536,3.0621819526955423,1.5785415635336961,1.2495663312237584,0.5715250511430858
-1.775795470450724,-0.4686234883627874,-1.8111864623423777,-0.7693092558209683,-0.2103289401622229
2.9884883330627434,0.23133398794090557,2.450794107845453,1.077857160651866,0.8251090669435758
0.9653939116919104,0.5987425825148108,-0.5180161463421932,0.585763759818646,1.2490066252623635
0.8398104649630944,-1.317655729743604,0.3605046273914557,-0.16173299872033609,-0.6353632295980243
0.23811141193768945,-0.04095053797772716,-0.4654608597697912,0.07659163736869296,0.13838555437646696
-0.3481759759992822,-0.9651885907771641,-0.27945684842979435,-0.46308782436610635,-0.6046555624356796
-0.9949645626384416,-0.4442654453610083,-0.8684211482084667,-0.6086927383037072,-1.091278594958572
-1.6362299632620123,-2.0169299857149916,-1.3493929592755807,-1.288548041994364,-1.4612395724335518
-1.1415000259644303,-2.162495885545329,-0.018342803266107835,-1.200070420479811,-1.6624901551053863
0.7183438648068169,-0.6680141580405214,1.0867090402448527,-0.02083556234560566,-0.45975745576284033
2.3587695205490635,1.8261109644943858,1.955719400873687,1.3592133345321067,0.6133611371442899
0.8989216655184521,0.297893726033468,1.233044344217177,0.4024676204605822,-0.5792680543885402
1.0875010311583362,2.349988511736176,1.6471177776538288,1.0906285509017681,0.6876346306434372
0.23581554794443246,-0.2642989878606515,0.5705511228978066,-0.15352056420392368,-0.6995120086852787
1.0569748498315974,1.8550190373416993,0.8003906616307761,1.038707787617514,0.8960207047558286
1.4971609590326196,0.6740750978805746,1.0582760630709218,0.6363164905200058,0.6078811345181258
-0.343263583631216,-0.06908788577733785,-0.013216590249120886,-0.16926370378017663,0.31173840141640224
0.5457509468843067,1.4845230657074655,0.2307412279874449,0.8478771724276314,0.3184345729641914
3.0631199389425143,2.465522480154713,2.9626518240778177,1.7247647681406182,0.9499509591067019
-1.940553380944664,-1.8656465552741421,-1.6448951809220076,-1.278730033509044,-0.5479060048485649
1.4405284583298765,1.6817993322580127,1.352121496444858,1.0427705439826902,0.580787402412797
0.43930728003959596,-0.2786334131628419,0.2598900445727055,0.08975353054009715,0.11455803773023351
0.9276621266130457,0.025325790960609086,1.6009535108101574,0.06447559756718381,-0.24704744038499693
0.3947003123756466,0.5544113282771252,0.34282939025995246,0.16414910877147118,0.6186831862031429
1.3261459611145143,1.6723589207196095,0.37567408507460626,0.9239776832453229,1.910044431413766
0.9863072890939163,-0.09759889158618815,1.1347204148806873,0.17392143974232235,-0.3477122889313108
2.2078690015249114,-0.1185374786684377,1.4024522823954615,0.8428872848939624,0.7279025711139834
1.1682030374924164,-0.20035024691983147,0.5822739577909243,0.27771979221209175,0.6305890916240638
-1.17760648470516,-0.5565832735752829,-1.7138599301380255,-0.594247995606987,0.3692066316606321
0.3203765593306695,1.6860127857305918,0.03482173187406862,0.6039019759873322,0.770657273046936
0.10601678012399841,-0.14964001350525133,0.4297633659947671,-0.1423303857983117,-0.17027215082259792
-1.2725927562369446,-1.671814909569072,-1.0412988742596172,-1.0970983510606862,0.1435077608979942
0.4739295566303535,0.4333713403467128,0.4627044373694372,0.19997286646226117,0.7985876154734485
-0.612343531252415,-0.5446221340650383,-0.4096839230984529,-0.4478720197828786,0.2194482851550429
2.287874792978625,1.6237618936642282,2.494550006463858,1.353426736191382,0.5141156482403958
-0.1958488571463882,-0.06401632399148749,-0.7249911420209479,0.0814751027438731,-0.7508677439117418
0.9487771629930644,-0.7667398134040682,0.9510130855820432,0.14077712861068623,-0.3833803599654328
-1.2832719678397195,-1.4952575994035877,-1.7652542267950964,-0.8698631495248454,-0.3242861306305172
-0.3715019602460135,-1.3126103459698402,-0.4126470916118037,-0.45245381023297204,-0.53532642802556
-0.3716525661541134,0.6353882813304454,0.22640801703337307,-0.03699398750761279,0.3629703993969785
-2.0883743064942526,-0.9520404879527687,-2.148044736945781,-0.7933916461180064,-0.18619462091119465
0.3618092534088512,1.3063210241935417,0.5437830582903117,0.43688072385666754,1.018821125512153
3.8083649326542592,2.503534960580794,2.778775561723031,2.217731867252846,2.0168332822474024
1.6617524658859177,1.0069211682514767,0.840253176450219,0.9503779196041358,0.922046589285327
-1.8637857546028995,-1.4401100101473274,-0.8294824939627324,-1.090807487638022,-1.129420162009073
2.5867885727457964,1.6686635388662965,2.788735021103835,1.4779848316371391,0.739490510758439
0.38790541782263155,1.1002010030797464,-0.3072384035072929,0.5162454587077084,1.8093531617947631
-1.211852989813799,-0.7343190177737309,-1.242763714365408,-0.6616862102481116,-0.4202177628436293
-1.0337462007434801,0.3334822934805162,-0.9501755588314738,0.00287151787262317,0.21621461124113034
2.1100573840363466,0.7976995300547897,1.2670687068748638,1.0508814673723343,0.5950517809433555
-1.0612002271809768,-1.3002047514644566,-0.6657331187115942,-0.7957467956248725,-0.8547353668011998
2.254737395098854,1.7828293075974486,2.0793224037034634,1.6218742869024683,0.8752764434689613
-2.1166318441222978,-0.7750113424797201,-1.9410797171094465,-1.122508634157616,-0.06985002109449119
-0.43515557270753025,0.1898729396291228,0.2647218195985048,0.01718396855118565,-0.5407587073693292
-1.2892403375982897,-2.2511616883682737,-2.6533767724832757,-1.0447015179328456,-0.25197058638027753
1.745952616832213,1.652100258894345,1.8809221373525542,1.0888053149383172,0.8118895537392006
1.2916624470056401,0.8127932470582944,0.2868904823980749,0.5357045080990624,1.6891492217564077
-0.9524965746248507,-0.5427486040146373,-0.6217059003773209,-0.3837168126000828,-0.19065430579962994
0.9508904213156634,1.1250897573259842,1.1810315911328937,0.6410158993775926,0.4787776210868512
-0.4624972337600423,0.05423370012973854,0.11554188299864393,0.08301902418998514,0.2803969702835082
-0.7843216843597486,0.15118415866452564,-0.3298692976824292,-0.20553586870844165,-0.9267294383161403
1.103244672327354,0.6589935827609775,0.2525812667596106,0.6272919069541015,1.3649008975776098
1.3625120660967962,0.16753855994937814,1.3596534246278658,0.3048788912618446,-0.1859211437359988
0.0734690861192626,-0.11260029107262728,-0.2527357414290941,-0.17567618483343186,1.1519809625462214
1.219508851324307,1.6523053056047283,1.353574924681235,0.9134826535997638,0.6161877194811359
-0.391846510523492,-0.5766203794411748,0.5290824505585692,-0.475353438520837,-0.9118806474075075
-2.217111987557098,-3.229898813518199,-1.8208100107722454,-1.9601923052765486,-2.361921044350351
-1.2452045573861545,-1.236444813743272,-0.8924728362272657,-0.9683068578439599,0.035250192712326746
2.090259572271743,0.8996661610629227,1.2133581839863972,1.022748688353192,1.0932482651966513
-2.2442945939650945,-0.6032385252162226,-2.5936571675814415,-0.8506949453758432,-0.23681819967083742
-1.0881668856189373,-0.638312486339987,-0.6058346657228989,-0.41363182236343177,-1.0339222279397284
-0.21004511287887423,-0.9361539537131103,0.12359396783606633,-0.47764446866648474,-0.39138917747386875
1.6674267494131711,0.0783510793646861,0.9677008456501371,0.5219568187780892,0.5208931504864563
1.0449545660305546,-0.928052531349591,0.7457979045983189,0.013571233117763398,-0.5324213140181318
-0.01897257328126921,1.0137172819630964,-0.351861971210272,0.34132585938403764,0.5946656931868589
0.9352761696506425,-0.31216043186180814,1.3229199079228384,0.1419482023739346,-0.47716364411660367
0.7376132571245845,0.5137592933898083,0.6307032714106927,0.31504661788472443,0.3504356389190761
0.45398793499796514,-0.17730609865083036,0.6988460203816506,0.07578920301733501,-0.22847248528678224
-0.25376321236228755,-0.6807888471844605,-0.31498963605928626,-0.4361481805524312,-0.7169411173657219
-1.0774749461550297,-1.7804797521852318,-0.7945032008967305,-1.0137411826813336,-0.6886357599449136
0.1380801855937238,1.596325522430922,0.5909825355344179,0.5118928746619019,0.5919200589106345
-1.4579061869309007,-0.8022757139678067,-1.3913501567667488,-0.7756877871122143,-1.055853989934577
-1.6990892635450188,-1.5731453374190894,-2.733582267630134,-0.9223314658170594,0.1770869546758878
-0.1346289684354798,0.778334722814956,0.20288896145698426,0.09344450925647402,-0.26359461875147855
1.8942700397562877,1.9086298765734035,2.418266021012104,1.3078386097062096,1.097993671079104
-2.1065806600796133,-1.4482550661822877,-2.774903499753465,-1.1000026063064212,-1.1765034077445906
-0.004640240605332209,-0.0990982313083426,-0.04246496840521687,-0.33983062145225584,-0.15198336262493267
0.06236547570987145,-0.9795467956143246,-0.2319068802355245,-0.33936240847851035,0.17180261279123588
-2.251385855997872,0.35577852270791765,-2.562595230275228,-0.5236647985107995,-0.05793473766105374
3.2697511497798186,1.6950455221687373,3.3811733887590254,1.6080842850287629,0.9163978239082706
-2.4184964656254766,-0.33267563977629677,-2.3179452593037664,-0.8881362640261512,0.10326617679914601
1.0975613015253904,1.53918262048942,0.7685330290368536,0.8986174406631121,0.6794254295749107
-2.379405040172784,-1.153812797523317,-1.941943810700284,-1.1841545096191926,-0.9253170262264155
1.6463765213482107,1.540665788737454,1.6905979475979656,0.9197085884414838,1.0367260859252472
-1.488016922114305,-0.721745346945754,-1.192137970719266,-0.4815663119677692,-1.2263112302542118
-0.24573640348357215,0.07099064548862499,1.3780308688684801,-0.0869718209759692,-0.6011417318847273
0.3094475075306599,0.2193738545490041,0.11340537820278727,0.18956334207200895,0.6763733693512886
-0.110525497206813,0.24922457645109145,0.5186401988149244,-0.1540473186264954,-0.9652748358371911
-1.2749350228976375,0.22688407996828777,-0.9069513578224406,-0.29023539018818106,-0.8334897350996602
-0.4676666545816252,1.4604486464190245,-0.0659637097956014,0.2957717009299397,0.0011908534538881829
0.27145177575834295,0.22714946221115476,0.27169403017975075,0.16310159117173273,0.5209053144872421
0.5441632854755215,0.43279503877863346,0.21842678613339947,0.4915583633738148,-0.12183242030419818
0.09986267891762461,-2.8378500725790374,-0.6039241802916918,-0.9661621228402962,-0.7607687860861861
-3.1317622608751403,-2.7866151708224622,-3.2537639262727764,-1.8924127974582023,-1.835274612089838
-2.220493433737743,-2.6521234626519807,-1.5686666458659424,-1.7757660854165163,-2.185215845817817
0.294458683492557,2.055107493500599,0.24557815947652276,0.8394862141597565,1.5715199909729098
-1.481904013232601,-1.9315264573723159,-1.073464877766844,-1.2281770206581621,-1.7200041443848482
1.5920049980914615,2.7430876609664536,2.6447909003024734,1.4061606195383325,0.15147315446171333
-0.4891031131927966,-1.2520410750008748,0.20839825729417663,-0.5969726084811909,-0.4946142358176288
0.5746482801215799,1.6921731153626711,1.0316545949713447,0.7322117703915597,-0.3494585757825267
-0.9760534340434116,0.2779000551865474,-1.1026133593493042,-0.21730884573085718,-0.7788463611898517
-2.147395522395326,-2.523238127540147,-2.4745049111845843,-1.6950763333666525,-1.2388747911013094
1.322787841917729,2.044601907729088,1.5889064366798527,1.0737263445581509,0.0021240901209446687
1.1197817733336255,2.5929868914981555,0.410092880651789,1.393078079298391,1.948370672119421
2.0590014928010896,0.3152323641343716,1.4732817946677768,0.6920518294096428,1.0649814291840005
-0.6747904388945748,0.47624761657801135,-0.271007594467312,-0.08299587575262442,-0.048165780562681046
-1.7195173270088027,-0.9099002420197462,-1.688516357670905,-0.9613545239459176,-0.858261097410586
-0.3567787461466455,-2.0360270449250617,0.1435057339890246,-0.9353924485167332,-1.737532333422103
1.406728678900921,0.03884281192988143,1.6963043592321119,0.2958488749920706,-0.5839039041914487
-0.6017485082251292,0.031003612469287335,-0.29976612459374236,0.002740771265597793,-0.7184412913214394
-0.1373413928938192,-0.11772594841916192,0.19264879864457868,-0.24573850062910307,0.14801708600661206
0.18308100687813259,1.0437617591420534,0.5570715337907461,0.545552892014564,-0.421065153546614
-0.7231469948997946,-1.142944912419382,-0.38773425142228674,-0.8372975667796723,-1.2214666649760033
-0.8882108512911508,-2.0451686915321026,-0.47655587784759335,-1.0089354168976161,-0.49929260369682044
-2.5952774364853317,-1.0039004679720482,-1.521227511438879,-1.4193449291541302,-1.5718530766014096
-0.08452041965795812,-0.8261189429390569,0.5612344749150919,-0.6214741936373341,-0.11996585282931703
0.004402735990624216,0.5392663361656815,0.16605904286718687,0.11475795211411884,-0.6126664557022167
1.242427193605429,1.429104625956978,1.4011449360517068,0.9461169009118275,0.6261855923524831
-1.0042392694818498,-0.5144326825352726,-0.7952989022930825,-0.4694795815620159,0.011376112069449726
-1.4696210799464615,-3.1102389830285597,-2.3510093595317074,-1.4537182853354842,-1.3782950091339754
0.2279868366686751,0.7285331607048129,0.5014021044246442,0.1058441007382204,0.016226960689613452
-0.9616642168261118,0.1579417943560464,-0.7271164452301584,-0.24569974483662754,-0.08655596785193191
-1.8759251476435792,-0.5840600629008162,-1.6039602143220741,-0.7673591483292128,-0.2373697896375835
-0.2423218682006789,-1.0075500274760578,0.06352264160244381,-0.37459082511670466,-1.0020239856433601
0.714611402220223,-0.614842817251708,0.6101941425798441,0.05047577715277169,-0.31235750651236516
1.03285689458536,0.8269398320067256,1.9918009891428303,0.569537380018146,-0.15107382848773995
0.35449097804752777,-0.4935913824603104,0.7123280204134296,0.03214212889925394,0.1580711317378311
-0.9016265709359718,0.2617905921019152,-0.778287120943548,-0.06209758911039769,-0.08521347230272322
0.9370836833186901,0.17781620959006897,-0.0032473937597973547,0.327480701278097,1.167655833749577
-1.479945585752114,-0.3862486312077833,-0.554644185540204,-0.7384471615982721,-0.9183052658024419
0.2753793941034574,-0.03051595240631248,-0.45424934134004996,0.1166680885312395,-0.19390084535042632
-1.4175377317365125,-1.6709731031297328,-0.3615940415109122,-1.1872377357650872,-1.5893615212929142
0.2797556766931118,0.5431366343147384,0.40468048000736473,0.2826530701083898,0.5690099457610569
0.2782826206589221,-0.21987676352355429,0.7946911043671221,0.09053645982859186,-0.6379225240619939
-1.1800134616780658,0.20528597254060585,-0.5708726462072466,-0.4973083850499594,-0.7135462957850662
1.0598454220845783,-0.6209593347019633,0.4664032849185958,0.19063759014537435,-0.3849105831025277
0.1755546504529875,1.0262848673058802,-0.42634179450124154,0.4089166191521725,0.8304318789365651
-0.24823276383004908,0.23279575000799374,-0.5836807433399771,-0.021988710715306663,0.13988360578953074
-1.5072381343028682,-1.2726748132149504,-0.17522486395401607,-0.8407943628611309,-1.7124784749952753
-2.209653791047344,-1.675601717776245,-1.2949965545651854,-1.4267053517747763,-1.6354562882771253
0.5427096147074539,0.39997572114095836,0.5824771380338029,0.3800937713977177,-0.3759283825033323
-2.1035502116363656,-3.039598019284272,-1.5283099720117954,-1.7049805314752542,-1.4371917616635626
-0.6406309522955345,-0.6075169695390484,0.20938838811948499,-0.4695459831174633,-1.1950132704533238
-0.011061965898679665,0.058296814137281446,-0.5521751260375993,0.0027465750325899574,0.23458308774531791
1.2278425483952933,0.22916445693399679,1.1555724658990707,0.42393374708887127,0.022550382876076414
0.13657997651207857,-0.6130855133101257,1.1671917225346264,-0.19421145150581884,-1.080009115111536
1.9099174995701904,0.0036878987062988894,1.6247271777000842,0.39470626548679644,0.12373845831891649
-0.44069757750103866,0.08000462607962576,-0.25875246471347907,0.003949866729127761,-0.6640100938239387
2.628442225432896,2.0187950236636563,2.578216002530457,1.4780464254911663,1.2211105620919533
-0.7142189435608668,0.12023788690895233,-0.6532741377623679,-0.1683246525784655,0.15684246081012834
-0.8528482040154641,0.33199649191218306,-0.9182914624813404,-0.154167766737633,-0.16834294993575205
-2.3100311539451024,-0.9835879467441175,-1.496536517891078,-0.9534267599601164,-1.1592172560086877
2.2286974055516855,0.02297608059218544,2.6156207525594493,0.8038028035733019,0.3325169814847028
-1.1448401257671543,-1.414838223850863,-1.373952073092744,-0.7245130535228167,-0.1303535600751592
-1.766549502671923,-0.9153358426006585,-2.1542552799790555,-0.8221507169771054,-0.09064181775210962
0.43766231566564934,-0.5789850319377109,-0.5901912708339254,-0.18708294401112777,0.27527873900260486
2.7543046131378723,1.7267762208659276,2.9982342427327517,1.4228528593823997,0.6134106816388006
1.4589605236021266,0.5036973495861921,1.482362658195892,0.6506125837102023,0.17654538013334434
-1.226524976025813,-0.4680484635279262,-1.306143102010038,-0.7221788957066152,0.41962133478119085
-0.2122702229248376,-0.37181255150420417,-0.7768420236126136,0.03862793557114198,0.053766935421795115
2.297015424724641,1.8151435610258007,1.5855851544002524,1.3019422825348994,1.3015930998149998
-0.37281459299822634,-0.2932518595707997,-0.09949162857114158,-0.29342222934702694,-0.07802322738004974
-0.723639150189761,0.23069446900023513,-0.5396279097070747,-0.19536893709357203,-0.3687479855170839
1.0088426852203278,-0.10989331180571485,1.0877263997589088,0.27697796822407195,-0.3661418824350474
-0.536197071687373,0.6915299639362158,-0.7438466045303396,0.08507349527094935,0.2767747953429411
-0.7201287606263427,-1.3111725115700883,-0.9876398476974177,-0.47513961208302663,-0.09113464202824949
0.35809912530126015,0.8160819015756665,0.23368624159153634,0.22652386586136494,1.0281128522584217
0.05035137874246261,0.49029092312819333,-0.09906918708306868,0.34952479845447054,0.4590748043441788
0.38617084531735696,-0.6219124993542892,1.0426654074500943,-0.13442781383754546,-0.5131846141685685
-3.2728612413957574,-0.6733370102213823,-2.347765326593534,-1.3965923905014366,-0.7893352941815466
1.0376503908118009,0.9221607450468924,-0.0550653274969331,0.7295247016207577,1.120222592305637
0.551516574348484,-0.11864492163830222,1.0070009748458457,-0.03960041579341727,-0.4239786890627881
-3.327599426397399,-2.3647382298689728,-2.5735375300115932,-1.991687943994402,-1.2722188326314605
-2.097193779129909,-1.7381789052192251,-2.399829053055565,-1.3813958002010691,-0.809139399696927
-0.6426031970980518,-0.4648770876937232,0.04290317037829098,-0.2567809832380544,-1.0997469358082215
-1.273791373873974,-0.22667847160549928,-0.535681724030286,-0.7052667525465303,-0.23483617956846478
-0.1068615585528059,0.5241720053731899,-0.9286801964774419,0.21966359092380233,1.168706880228895
-3.4605225822309773,-3.2088047353255864,-3.9490669365333884,-2.18913328317178,-1.061779307585935
-3.9275869360334283,-2.377707458222127,-2.917796308036201,-2.117437334609516,-2.26124035548863
-0.08287090263624029,-0.9769251355247223,-0.8214479370526792,-0.46804226441157815,0.7135677560421517
-0.43206449558753024,0.35953310751930445,-0.6380408122672042,0.26344022024714725,0.05179102264364952
1.2256626265881165,0.4633934374393696,1.0644918564052803,0.5898131766250454,-0.08173366333008636
-0.805756550887775,0.02225598781854972,0.10785572318878259,-0.151959275228783,-1.6729725976188858
0.8962341165658685,1.236343319381219,1.5352026015226519,0.7703209918743824,0.1742135054458085
-0.11980505289878662,-1.8489856975952077,-0.7795051036829235,-0.7303211905717707,-0.5075312910256051
-0.8672229058408116,-1.4143381616888686,-0.46467380076483,-0.8492363770650656,-1.4637366881029257
1.4995540805493828,2.8931086886874495,1.4084176596479958,1.5325585418366043,1.1507623713088504
-0.8157084186658122,0.020598291064975318,-0.6881181019455127,-0.41526493242585066,-0.25947854609907234
-1.003070787194243,-1.656660186775541,-0.3972039072053753,-0.7828287838546332,-1.5037918248166908
0.10844160908395391,-0.22712070264860781,0.7039460876015602,-0.05640192697641592,-0.0006412646734155314
-0.6407038486076698,-0.7837733797366466,-0.3138106957318692,-0.3969307397067365,-0.8922554509043452
-0.2671639035517093,-0.032559437867283714,-0.9516778509978061,-0.0711742744553126,1.2546261984255496
0.7422678858703703,-0.011067772258244601,0.054478315563603726,0.5329568196378884,0.05196727987143963
0.8032036598536365,0.8268666642808065,1.2198002542191133,0.46787624062329425,0.819435618895929
-2.227291474525825,-1.6878970103816808,-1.4745931715009877,-1.3340742299203647,-1.6325806092738613
1.493625053414772,0.9554086947689182,1.5477150875951737,0.801557909390421,0.6836200753592826
1.3932875968473903,0.49817107656511583,0.8250197895722644,0.7051562125302275,-0.5068281311293442
1.0424729290021506,-0.2593310354673218,0.8001684689363787,0.1755988167074158,1.2439967094876714
1.1866867728655348,0.689089142821413,1.399685757638815,0.5125729999451462,0.23314300619944484
-0.28076481517597063,-0.1686484997727199,-1.0114585565377041,-0.02093045577211056,0.5511882086883979
1.6641970473055208,1.1836320700011567,2.1210053382130285,1.0123314232337075,0.21686956560090911
0.17382370996129792,0.7041863830826961,-0.5183498498227358,0.31348810725686627,0.660299791783924
0.05811466732738718,-1.1300594487402902,0.40460035457423527,-0.3246899723662972,-0.7509685283251967
0.5350024868141613,-0.6501735934740683,0.005810612755585971,-0.40396247651275885,0.051371596189387685
1.4831328976886227,0.15949110013810638,1.565485867079993,0.6376247273931371,0.0023386878589919855
-0.9231857788100627,1.8074910433229348,-0.6500465254158927,0.34047276217641276,0.4434841940853451
-2.1197688667873784,-1.035394632245998,-2.1828320963829007,-1.0488352846064426,-0.934400028961335
2.345605900156142,2.2529096897247474,2.040471000160702,1.7762405102850032,1.4554883485418508
-3.153674327270359,-0.951501025452264,-2.209796757774671,-1.2991804854230726,-1.7498426226936745
1.2543132378246784,0.9225741758555885,0.2802805617078352,0.8406116141234827,1.520492329030037
1.2053687829669348,1.13138997701779,1.0387296491868856,0.9214902041904864,0.4632014945356901
1.8387977915452647,1.4594723388015205,1.918316268541759,1.0283689445960855,0.7570188116829771
-1.1596556597160952,-0.705902498653149,-1.736615592206577,-0.7208972621696933,0.2297643412804716
-1.4341401028699639,-0.14365835759553452,-0.5484322901054277,-0.42519641620874643,-0.9954701911923656
-1.8700358513672342,-1.2768169509032634,-1.7173554220648914,-0.8652521373614466,-0.6657244854425255
0.9390652327530283,1.436664979069874,0.6491390272249946,0.8711277728596697,0.26174966252315807
-2.453589659048072,-1.391790697504004,-1.806874592615531,-1.212244634779266,-1.3431792078257485
0.5099436284995712,-0.4158865900169751,1.0234454414655627,0.016045190197984022,-0.8361750372052867
-1.098847893860616,-0.09877314434954093,0.12912507519281807,-0.5047507793000552,-0.48518732769471673
-0.07368247811012063,-0.2702660929787246,0.30747419143247373,-0.21638902066116986,-0.5785849376792144
-0.4177875641535227,-0.33039282461221076,-0.8446616585163352,-0.2941154344160505,-0.20580233589833463
1.095455813602616,2.730324828861476,1.6435709061879082,1.2284902795808608,0.2329636541210957
-0.2980659610097687,-0.6576033959093619,0.01674318514914007,-0.26691462746177547,0.6900790425263805
0.8775407149553488,0.5617311333220196,-0.12784624159778737,0.5178633498378363,0.6428707455525728
0.7573873697810933,-0.24693113388129387,0.3654554226697681,0.12896073191847393,0.05448028517689061
-0.6757084433340261,-0.4004874969906484,-1.0653706241058434,-0.3199375148239415,0.5693529732646574
-0.7740878334752359,0.030311389345301375,-0.6541825582123496,-0.1646738622639149,-0.3646312391399813
-0.19242701119732453,-0.17436919980936116,-0.6228529409583372,-0.17199399789833014,0.3017813295281124
-1.0157606352759347,0.8596310427486988,-0.5403007105714569,-0.09631860249968455,-0.39152441246109665
0.4008066363914118,0.5063282054745917,-0.5209357152177376,0.31640764785459097,0.9659690416577736
-1.3054718157216385,0.8535810612892218,-0.8595145514162696,-0.1682079866216913,-0.18208153066399946
1.2932952470091645,0.914436063234474,1.4754140252753227,0.6141860810748077,0.02315353540627609
-0.43502403804902773,-0.581716863468971,0.6918241342924611,-0.3063191325411736,-1.4737594100076115
0.12914362121712022,0.9579544072495597,-0.013157466895538022,0.4703909749935768,1.0689032877247828
-0.8025555722153052,-0.22489538476282633,-0.08740926866934912,-0.2873303315804466,-0.5270942011834785
1.6734554636247547,0.8206813074937156,1.5495390089648176,0.7803876686762007,0.9996546863737131
0.7826312283832935,1.556194971470713,0.917568725027001,0.7613413708355536,0.4211490481132289
-2.4270318768825887,-3.1771530824563987,-2.169201617039312,-1.9375426933083404,-1.4502976002104098
0.29992306428345356,0.3469680551658391,0.2532035020663939,0.2099689730430208,0.39216412323593863
-0.3585125576299231,1.0044368902642762,0.4865645631037962,0.42916556638949155,0.09661753942192282
-1.9636101323239907,-0.81533601115886,-2.067230877751025,-0.9451932543519724,0.13051210445705005
-0.4817908894286573,-0.7109674780280325,-1.0402193606719399,-0.48097159036361953,0.48059015141289047
-0.5762509991188143,-1.42883126973214,-0.20111654828237643,-0.7242582456326688,-0.7833428039920531
1.5777168420647432,1.1504720670760211,1.1561455484053211,1.0036978153878449,1.0424890466755556
0.5897029902535569,0.3789167887649893,0.17466424236519767,0.2855648369397817,0.7571947847837965
-1.3714034282751653,-0.43846838253050574,-1.8763640850012702,-0.5504584114913609,-1.0670560369373663
-2.61240969628059,0.1490906509214098,-2.4186544806347055,-1.0046994552570143,-0.3430875080825317
1.4975486839725773,-0.7162211921659011,0.8753287886946002,0.11813706169423387,0.682218356583494
1.1142734469831317,0.8191168796025114,1.4433086986460693,0.6847914516067136,0.955514059249046
0.38475252855045267,-0.806211779846607,-0.7197971210764006,-0.20218698280779374,1.312538437618059
-0.6167504006788067,1.4399753561532647,0.29147535505788164,0.4762375274879828,-0.3397524301427663
1.9864661369526233,1.9702504597748913,2.1547678396029686,1.2685067055291177,0.9102079308019051
1.1006893583133042,2.2637655802022514,1.4486305568732856,1.2448407046707024,1.227330616105742
0.8163141960501321,-0.3291112774145043,0.9937621653024985,0.131519633057531,-0.41491681770955274
-0.6660596754506987,-0.007538023903534104,-0.5138322403088592,-0.2128182552515625,0.1477432744991074
0.27395939002143627,-0.5275650269724584,0.0773853217036266,-0.1482337277261737,0.0037401263437878297
-0.42309533981048913,0.897031637395319,-1.4013223619876694,0.10785520237792823,0.1478470683036676
